,auction_id,experiment,date,hour,device_make,platform_os,browser,yes,no
0,008aafdf-deef-4482-8fec-d98e3da054da,exposed,2020-07-04,16,Generic Smartphone,6,Chrome Mobile,1,0
1,00a1384a-5118-4d1b-925b-6cdada50318d,exposed,2020-07-06,8,Generic Smartphone,6,Chrome Mobile,0,1
2,00ebf4a8-060f-4b99-93ac-c62724399483,control,2020-07-03,15,Generic Smartphone,6,Chrome Mobile,0,1
3,013e45cf-e388-46a4-9c5b-a34303613940,exposed,2020-07-10,2,Generic Smartphone,6,Chrome Mobile,0,1
4,018af862-486e-4da1-a85b-71872120e57c,control,2020-07-03,15,Generic Smartphone,6,Chrome Mobile,1,0
5,01985992-d70b-4258-a3a1-60ac5e17bce6,control,2020-07-03,15,Generic Smartphone,6,Chrome Mobile,0,1
6,01d44c23-d255-4ff4-ae23-752834801bc8,exposed,2020-07-03,14,Generic Smartphone,6,Chrome Mobile,0,1
7,02efdb70-8596-4f3f-b0b2-b91e194f61f7,exposed,2020-07-05,6,Generic Smartphone,6,Chrome Mobile,1,0
8,030f8197-4daa-4584-a43a-a5805d6947e4,exposed,2020-07-08,20,Generic Smartphone,6,Chrome Mobile,0,1
9,0332a7f7-0336-4d48-96ad-75da00d916c0,control,2020-07-04,16,Generic Smartphone,6,Chrome Mobile,1,0
10,0365730f-39d3-461d-b7a5-dadffa0b2884,exposed,2020-07-09,8,Generic Smartphone,6,Chrome Mobile,0,1
11,0429d8ae-374e-46e8-83a6-eba1c36aefb1,exposed,2020-07-05,19,Generic Smartphone,6,Chrome Mobile,0,1
12,04535742-676d-4e9f-a62c-aa5bda8c46a1,exposed,2020-07-10,5,Generic Smartphone,6,Chrome Mobile,0,1
13,04b69bd8-4849-4489-adcf-08b96a265c40,control,2020-07-07,15,Generic Smartphone,6,Chrome Mobile,1,0
14,0587d2d4-d47a-4872-ace2-a460eea468f3,exposed,2020-07-09,1,Generic Smartphone,6,Chrome Mobile,1,0
15,05ff30c6-4265-4a1d-80de-537563f7470d,control,2020-07-08,18,Generic Smartphone,6,Chrome Mobile,1,0
16,06d7ece2-7d93-43ed-a9d3-e563fb8067e9,control,2020-07-04,19,Generic Smartphone,6,Chrome Mobile,1,0
17,0751a4df-b53c-4943-b4d2-952529e16ae3,control,2020-07-08,22,Generic Smartphone,6,Chrome Mobile,0,1
18,07659c1c-f6f0-4a6b-8089-97290c26aeb9,exposed,2020-07-08,6,Generic Smartphone,6,Chrome Mobile,1,0
19,078aa8e5-e424-4d57-b5f2-744b2bd702b5,control,2020-07-03,15,Generic Smartphone,6,Chrome Mobile,1,0
20,079aa7ac-5ddd-49f5-a0e0-8138c17b44fb,control,2020-07-05,19,Generic Smartphone,6,Chrome Mobile,0,1
21,08097cbe-a8fe-4336-a917-3da665c5654e,exposed,2020-07-10,15,Generic Smartphone,6,Chrome Mobile,1,0
22,086f31fc-fc25-4c4b-b0ba-ea9ac9502855,exposed,2020-07-08,20,Generic Smartphone,6,Chrome Mobile,1,0
23,089b6e4b-ab64-4200-9f64-784ddea9dffb,exposed,2020-07-08,20,Generic Smartphone,6,Chrome Mobile,1,0
24,08d60c5e-0dd9-4d14-9e4e-7d4721c6de43,control,2020-07-03,15,Generic Smartphone,6,Chrome Mobile,0,1
25,08e29116-2e0b-4b2a-b59b-1c1e6d9f109c,exposed,2020-07-08,21,Generic Smartphone,6,Chrome Mobile,1,0
26,090b32d5-a098-4e68-81bd-60325a6898fa,exposed,2020-07-05,21,Generic Smartphone,6,Chrome Mobile,1,0
27,0a431ec7-b60a-44a2-8393-529489c6ce7f,control,2020-07-03,15,Generic Smartphone,6,Chrome Mobile,0,1
28,0aaf0e53-0aef-48e1-86b8-77a751b6ad2b,control,2020-07-08,14,Generic Smartphone,6,Chrome Mobile,1,0
29,0ad6d944-b1d2-472b-96f4-b99f451b28c1,exposed,2020-07-08,22,Generic Smartphone,6,Chrome Mobile,0,1
30,0b0344c4-b114-4705-ad68-6662f0d3bedc,control,2020-07-03,15,LG-$2,6,Chrome Mobile,1,0
31,0c65bdaf-4328-417e-b4d9-c857a54ff446,exposed,2020-07-05,3,Generic Smartphone,6,Chrome Mobile,1,0
32,0c6da1d9-28fe-4cd7-8027-cebb466b611a,exposed,2020-07-10,16,Generic Smartphone,6,Chrome Mobile,0,1
33,0d04f1cf-7dd1-48e3-87f1-0c8b87345cf0,exposed,2020-07-08,16,Generic Smartphone,6,Chrome Mobile,1,0
34,0d1ad63b-1c43-4d11-adf5-ca5697e6c891,control,2020-07-09,2,Generic Smartphone,6,Chrome Mobile,0,1
35,0d49bacd-aa02-4d79-80bd-e3d684d7d03d,control,2020-07-03,15,Generic Smartphone,6,Chrome Mobile,1,0
36,0d5ed6c8-5b5f-4219-aa96-6e80d9aca7cd,exposed,2020-07-09,14,Generic Smartphone,6,Chrome Mobile,0,1
37,0e08a41e-2430-428f-ba2f-4d687ca8f377,exposed,2020-07-09,8,Generic Smartphone,6,Chrome Mobile,0,1
38,0e88f667-02a1-4484-8a2b-c626ef962758,control,2020-07-03,15,Generic Smartphone,6,Chrome Mobile,0,1
39,0f44df87-35cb-424b-8fbe-a6c2ecd82023,control,2020-07-03,15,Generic Smartphone,6,Chrome Mobile,0,1
40,0f5bfe2f-cd24-497d-9cec-e8f935665bf2,control,2020-07-05,0,Generic Smartphone,6,Chrome Mobile,1,0
41,0fffe0e4-1886-4d63-9b68-1f0d7ca0359b,control,2020-07-09,12,Generic Smartphone,6,Chrome Mobile,1,0
42,10057c8e-c2c4-4e8b-83ce-3fed95b0531c,control,2020-07-05,15,Generic Smartphone,6,Chrome Mobile,0,1
43,111baf18-7653-4ba9-9de1-7e1702605c04,control,2020-07-10,12,Generic Smartphone,6,Chrome Mobile,0,1
44,11445834-b185-4edf-8e25-cfb49fb7b0e3,exposed,2020-07-03,10,Generic Smartphone,6,Chrome Mobile,0,1
45,1188cf08-c5de-4fd9-94c5-ac9067cb4a1b,control,2020-07-07,3,Generic Smartphone,6,Chrome Mobile,1,0
46,13b9e571-0e68-4cd3-a804-e335800be9e5,control,2020-07-10,9,Generic Smartphone,6,Chrome Mobile,0,1
47,142bd98d-e577-4880-b041-13a9a9a4bb97,exposed,2020-07-08,17,Generic Smartphone,6,Chrome Mobile,0,1
48,1444a444-ebe6-483a-afa3-b82b34ddff71,control,2020-07-03,15,Generic Smartphone,6,Chrome Mobile,0,1
49,14533ab4-b8da-41b5-a6b8-92a8ccc86163,control,2020-07-09,15,Generic Smartphone,6,Chrome Mobile,0,1
50,14ad2c1c-3e57-4589-9376-d5e33a442152,exposed,2020-07-03,0,Generic Smartphone,6,Chrome Mobile,0,1
51,14ca050a-eea5-4c06-9b92-40f0746cc827,exposed,2020-07-10,17,Generic Smartphone,6,Chrome Mobile,1,0
52,14db6b8d-4c4d-4543-a492-464861c1b1b8,control,2020-07-03,15,Generic Smartphone,6,Chrome Mobile,1,0
53,15602254-27d1-4869-bb53-67585b66a316,control,2020-07-03,15,Generic Smartphone,6,Chrome Mobile,0,1
54,1572bad2-681e-4d8b-b12f-1ea75986509a,control,2020-07-05,10,Generic Smartphone,6,Chrome Mobile,0,1
55,15bbbcc4-056e-487c-91f0-7a98aaf32bd3,exposed,2020-07-09,16,Generic Smartphone,6,Chrome Mobile,0,1
56,1630d073-e2bd-4748-9e20-32c6a2f77bdc,exposed,2020-07-10,12,Generic Smartphone,6,Chrome Mobile,0,1
57,16635abc-4436-46ac-ac92-92119d473f65,exposed,2020-07-09,19,Generic Smartphone,6,Chrome Mobile,1,0
58,16dfd9e0-e990-4336-a842-65a7f0513f7a,exposed,2020-07-04,9,Generic Smartphone,6,Chrome Mobile,1,0
59,1757d7d9-e6e1-48fc-b402-76c8e82fbc51,control,2020-07-10,5,Generic Smartphone,6,Chrome Mobile,1,0
60,1831572b-470a-47ae-957c-ddff6a8e8126,control,2020-07-03,15,Generic Smartphone,6,Chrome Mobile,0,1
61,186a98dd-5db8-4f75-8ec3-272200e3df6b,exposed,2020-07-04,10,Generic Smartphone,6,Chrome Mobile,0,1
62,18eadc05-4e34-4138-a327-fcc0835c5a13,exposed,2020-07-09,19,HTC 10,6,Chrome Mobile,0,1
63,19158ed1-b35b-473b-8fad-0ae68ce1cb9b,control,2020-07-03,15,Generic Smartphone,6,Chrome Mobile,1,0
64,19548e79-bf25-4570-b8ca-54e8e28590f0,exposed,2020-07-03,1,Generic Smartphone,6,Chrome Mobile,0,1
65,19cf6084-4e5e-42b6-866b-91221995f5e3,exposed,2020-07-05,19,Generic Smartphone,6,Chrome Mobile,0,1
66,19e4c63f-da51-424a-8f15-d23bf6657cda,control,2020-07-09,14,Generic Smartphone,6,Chrome Mobile,0,1
67,1aa749d2-c9e8-42e2-8c1d-21eef40992c1,control,2020-07-03,15,Generic Smartphone,6,Chrome Mobile,1,0
68,1b08c023-6b5a-4652-9cae-8c5895951d54,exposed,2020-07-04,9,Generic Smartphone,6,Chrome Mobile,0,1
69,1b4ca4bc-3a61-4752-ba2d-38a40b2c3eb6,exposed,2020-07-08,17,Generic Smartphone,6,Chrome Mobile,1,0
70,1c22ef64-fe40-4c19-84a0-3c086c176ece,control,2020-07-09,10,Generic Smartphone,6,Chrome Mobile,0,1
71,1ca3b4fd-023e-449b-b6d0-c1d015d48e04,exposed,2020-07-06,3,Generic Smartphone,6,Chrome Mobile,0,1
72,1ca9dbaf-4ba7-4645-af05-52293aac080e,control,2020-07-06,3,Nokia undefined$2$3,6,Chrome Mobile,1,0
73,1cbbcee2-b6e9-47b3-aa09-59c280d6b14f,exposed,2020-07-08,20,Generic Smartphone,6,Chrome Mobile,0,1
74,1e43fc5f-dd65-4311-9c32-6e1552cd70b9,exposed,2020-07-07,23,Generic Smartphone,6,Chrome Mobile,1,0
75,1e657002-aff5-4baf-b16b-e1c7e9b9a64b,control,2020-07-08,20,Generic Smartphone,6,Chrome Mobile,0,1
76,1f0c7f13-22ac-4250-bfeb-5fc331ae0c29,exposed,2020-07-05,8,Generic Smartphone,6,Chrome Mobile,0,1
77,205546a3-5b19-4fcc-87a0-cf6177d889af,control,2020-07-08,16,Generic Smartphone,6,Chrome Mobile,1,0
78,20a41187-a30e-432c-bd6d-e2d2ef6114d2,control,2020-07-03,15,Generic Smartphone,6,Chrome Mobile,1,0
79,20e59bcd-428e-4c8f-b9fb-f4c50be78c4e,exposed,2020-07-04,16,Generic Smartphone,6,Chrome Mobile,1,0
80,21fd0c48-173e-4b1a-ab4f-ba8bc647576a,exposed,2020-07-09,13,Generic Smartphone,6,Chrome Mobile,0,1
81,224e6d15-bc62-4f91-858a-fef2a3722dfd,control,2020-07-05,4,Generic Smartphone,6,Chrome Mobile,1,0
82,225c2ca4-a64e-4daa-9373-cd2766e620ee,exposed,2020-07-09,8,Generic Smartphone,6,Chrome Mobile,1,0
83,22bd20bf-4ab6-4be8-a28a-2637551aa2e7,exposed,2020-07-08,16,Generic Smartphone,6,Chrome Mobile,0,1
84,22d8d49e-4dbc-446a-b168-09251d377d12,control,2020-07-03,15,Generic Smartphone,6,Chrome Mobile,0,1
85,234d896d-60d3-47f8-aa4d-389e81f280ec,exposed,2020-07-10,0,Generic Smartphone,6,Chrome Mobile,1,0
86,2452a693-0b7a-467b-9282-463c886642c9,control,2020-07-03,15,Generic Smartphone,6,Chrome Mobile,0,1
87,25c0d6e6-4eca-47fe-86d6-4c7fbab19bfb,exposed,2020-07-04,16,Generic Smartphone,6,Chrome Mobile,1,0
88,262ac056-17b2-40a2-86b7-d0330901a690,control,2020-07-03,15,Generic Smartphone,6,Chrome Mobile,1,0
89,26b140cb-82e2-4318-8837-dc94804e888b,control,2020-07-10,16,Generic Smartphone,6,Chrome Mobile,1,0
90,2822f3de-d0d7-410d-9bfb-d1526eb93dff,control,2020-07-03,15,Generic Smartphone,6,Chrome Mobile,0,1
91,283a7e05-c77d-4bf7-894e-2a1a4bf0d9ad,exposed,2020-07-09,5,Generic Smartphone,6,Chrome Mobile,1,0
92,284aa64e-2958-4b95-bc5d-d47b298d0ec4,exposed,2020-07-05,7,Generic Smartphone,6,Chrome Mobile,0,1
93,285e08bd-a53d-40e6-a44a-88820ee223dc,exposed,2020-07-04,2,Generic Smartphone,6,Chrome Mobile,0,1
94,28cfbbe3-0395-4b24-862a-fdd0f43b8fff,exposed,2020-07-04,6,Generic Smartphone,6,Chrome Mobile,1,0
95,29245451-dd75-460c-8a16-a1b3b73b55c8,exposed,2020-07-09,22,Generic Smartphone,6,Chrome Mobile,1,0
96,29a3fb95-9181-4448-83dc-a656cb6a6f1c,exposed,2020-07-03,2,Nokia undefined$2$3,6,Chrome Mobile,0,1
97,2a0933ee-662d-4b94-bb39-4cd09f864688,control,2020-07-03,15,Generic Smartphone,6,Chrome Mobile,1,0
98,2a0fd940-3857-4618-be52-d215c54931e4,control,2020-07-03,15,Generic Smartphone,6,Chrome Mobile,1,0
99,2b12d711-1755-4ad7-a093-b2aefd045da9,control,2020-07-07,20,Generic Smartphone,6,Chrome Mobile,1,0
100,2d8948d8-6f35-4eab-8fb6-92b24fb8ebe8,control,2020-07-03,15,CLT-L09,6,Chrome Mobile,0,1
101,2dcd3f0c-9e9a-4a36-bb68-4b8e6408314a,exposed,2020-07-10,9,Generic Smartphone,6,Chrome Mobile,0,1
102,2e3e7620-7e57-41a7-a55d-2ab7ebb7945b,control,2020-07-09,6,Generic Smartphone,6,Chrome Mobile,1,0
103,2e90073a-89f6-42ba-a0ae-e3ac54defd9a,control,2020-07-09,22,Generic Smartphone,6,Chrome Mobile,1,0
104,2efeefb7-9cbc-4919-9671-1a2e886d8699,exposed,2020-07-08,20,Generic Smartphone,6,Chrome Mobile,1,0
105,2f772b38-49bf-4ebf-a098-83b8b02f0f70,control,2020-07-05,5,Generic Smartphone,6,Chrome Mobile,0,1
106,2fd3a02a-0d0d-46b3-8c1e-141ce9bc4c59,control,2020-07-09,18,Generic Smartphone,6,Chrome Mobile,0,1
107,30f2696e-5351-41dd-b2c6-4429b8d256d6,exposed,2020-07-09,6,Generic Smartphone,6,Chrome Mobile,0,1
108,31248f44-f54d-4dc9-b0bc-b154d864d1a5,control,2020-07-10,9,Generic Smartphone,6,Chrome Mobile,1,0
109,3126c938-e999-4727-acfe-8a86761a3c74,control,2020-07-06,8,Generic Smartphone,6,Chrome Mobile,1,0
110,31ef29a7-c59f-4bb4-b272-749f03bd1b7b,control,2020-07-03,15,Generic Smartphone,6,Chrome Mobile,0,1
111,321e2198-aa78-422d-92f5-4783f7c78c1e,exposed,2020-07-09,3,Generic Smartphone,6,Chrome Mobile,1,0
112,323cf485-1501-4cfb-8731-450965f0060e,exposed,2020-07-03,10,Generic Smartphone,6,Chrome Mobile,1,0
113,32a55120-a5a8-451f-ab51-3c027a6be38e,exposed,2020-07-04,14,Generic Smartphone,6,Chrome Mobile,1,0
114,343d34fc-6139-4405-894c-3974270b3667,exposed,2020-07-06,8,Generic Smartphone,6,Chrome Mobile,1,0
115,3494772e-636a-4981-a3c7-c20f61b9a2d4,exposed,2020-07-10,1,Generic Smartphone,6,Chrome Mobile,0,1
116,35e2c4ff-fc94-45ba-992f-58fae55365fc,control,2020-07-04,3,Generic Smartphone,6,Chrome Mobile,0,1
117,36164db4-e025-479f-bd6b-2a0a7dd94dee,control,2020-07-08,19,Generic Smartphone,6,Chrome Mobile,0,1
118,3622c4eb-44f2-44fa-b6ea-cb169960b823,exposed,2020-07-08,15,Generic Smartphone,6,Chrome Mobile,1,0
119,36355037-f07b-4ee1-af6f-441dc51b9f6e,exposed,2020-07-07,11,Generic Smartphone,6,Chrome Mobile,0,1
120,36432b69-a806-4000-97a7-d852b294d0c4,exposed,2020-07-09,9,Generic Smartphone,6,Chrome Mobile,1,0
121,370645e2-7046-45b8-b1e5-5b5ec15fca65,exposed,2020-07-09,14,Generic Smartphone,6,Chrome Mobile,1,0
122,375da574-ec2d-488b-855e-732dad294e51,control,2020-07-04,9,Generic Smartphone,6,Chrome Mobile,0,1
123,378645d2-f8cf-43c0-b1be-e699d846e596,control,2020-07-04,6,Generic Smartphone,6,Chrome Mobile,0,1
124,3792a1ac-a747-4f2e-aee2-914281717d3f,control,2020-07-04,2,Generic Smartphone,6,Chrome Mobile,1,0
125,37b6efea-c69a-4fc2-9c4b-840826a6be37,control,2020-07-10,3,Generic Smartphone,6,Chrome Mobile,0,1
126,38754eae-ffaf-4ac0-84df-b99dcd2aa37e,exposed,2020-07-05,12,Generic Smartphone,6,Chrome Mobile,0,1
127,392c7d83-0487-4bdb-bea2-f7639ea74aa6,control,2020-07-07,6,Generic Smartphone,6,Chrome Mobile,0,1
128,3a721162-e67c-4cd6-a683-9346109c4d4f,control,2020-07-10,6,Generic Smartphone,6,Chrome Mobile,1,0
129,3aa89a92-a9c2-463b-86a0-8c9f6760e735,exposed,2020-07-04,19,Generic Smartphone,6,Chrome Mobile,1,0
130,3b427db1-4b52-446f-bcb2-2f6039ad1d42,exposed,2020-07-03,9,Generic Smartphone,6,Chrome Mobile,1,0
131,3b4d9f4d-1331-40ad-bf0d-dd7857719ebd,exposed,2020-07-09,11,Generic Smartphone,6,Chrome Mobile,0,1
132,3b9d490b-12e9-4e9c-bdaf-3a02246cd975,exposed,2020-07-10,1,HTC U12+,6,Chrome Mobile,0,1
133,3bfebf58-e963-473c-81b0-8bbddf5ac471,exposed,2020-07-06,3,Generic Smartphone,6,Chrome Mobile,0,1
134,3cc07b4e-a1ca-4364-8e8a-576a77e8dcc1,control,2020-07-08,18,Generic Smartphone,6,Chrome Mobile,0,1
135,3cf98a51-e3aa-4b8a-8309-45906de8b9fb,control,2020-07-08,18,Generic Smartphone,6,Chrome Mobile,0,1
136,3d154223-0817-4845-aeee-eb7325b90bdf,control,2020-07-10,0,Nokia undefined$2$3,6,Chrome Mobile,1,0
137,3dd09b49-9b11-45bd-ab0d-e279a8e5edc7,exposed,2020-07-03,0,Generic Smartphone,6,Chrome Mobile,0,1
138,3de1f29e-6f1a-49c7-8e41-96781b228f37,control,2020-07-05,5,Generic Smartphone,6,Chrome Mobile,0,1
139,3e1e719b-9f7d-4df2-bdf8-285f9284abe8,exposed,2020-07-06,1,Generic Smartphone,6,Chrome Mobile,0,1
140,3e23e4ea-19eb-4dc8-813b-065a3a44bf7f,exposed,2020-07-03,7,Generic Smartphone,6,Chrome Mobile,0,1
141,3e2a96f9-2879-4c4a-b52e-ec8e6f509e42,control,2020-07-04,14,Generic Smartphone,6,Chrome Mobile,0,1
142,3e783941-5ac5-4c10-880e-d737afe2c008,exposed,2020-07-03,7,Generic Smartphone,6,Chrome Mobile,0,1
143,3ece6440-cdce-4ec6-af81-889813d84004,exposed,2020-07-09,10,Generic Smartphone,6,Chrome Mobile,1,0
144,3f1aff10-8d95-485d-96ef-9809ce0e856f,exposed,2020-07-04,7,Generic Smartphone,6,Chrome Mobile,0,1
145,403a14c2-c143-4b9d-b891-df75ba2cb374,control,2020-07-09,8,Generic Smartphone,6,Chrome Mobile,0,1
146,40cff25e-674b-4c7a-91e0-e43bcf67dc42,control,2020-07-05,10,Generic Smartphone,6,Chrome Mobile,1,0
147,4127c6a8-df3c-43be-9692-160978e24ee1,control,2020-07-03,15,Generic Smartphone,6,Chrome Mobile,1,0
148,4163c9b9-36ac-4612-ba69-5dba3cb71513,control,2020-07-05,18,Samsung SM-J320FN,6,Chrome Mobile,0,1
149,418b746d-589a-4fc6-ac15-3831afa95d0e,exposed,2020-07-05,17,Generic Smartphone,6,Chrome Mobile,0,1
150,41c810e4-190e-47d9-8e28-3f7e0786b7e5,exposed,2020-07-04,14,Generic Smartphone,6,Chrome Mobile,1,0
151,42291210-287c-4c14-a848-9bfa7fe9b8e0,control,2020-07-07,10,Generic Smartphone,6,Chrome Mobile,0,1
152,422f1a84-afd8-48b1-af6e-0bea20fefe02,exposed,2020-07-09,8,Generic Smartphone,6,Chrome Mobile,0,1
153,42a0fad4-056f-42d5-b99a-89c89ad6dd2f,control,2020-07-08,7,Generic Smartphone,6,Chrome Mobile,0,1
154,432fe0c4-6b9b-4a66-a1b9-605ab3d8264a,exposed,2020-07-08,13,Generic Smartphone,6,Chrome Mobile,1,0
155,43457d49-69fd-4344-9562-6c070b1c4c67,control,2020-07-04,8,Generic Smartphone,6,Chrome Mobile,1,0
156,4369a918-b098-47e6-aa1e-28ea00b53aaa,exposed,2020-07-09,5,Generic Smartphone,6,Chrome Mobile,0,1
157,43d33a5a-a693-4fc0-8928-f5390113b6f8,exposed,2020-07-08,19,Generic Smartphone,6,Chrome Mobile,0,1
158,4441b628-9390-41fb-b769-359a27510fbf,control,2020-07-09,14,Generic Smartphone,6,Chrome Mobile,0,1
159,4469bf70-809a-4180-a792-d449e6fb3467,control,2020-07-05,5,Generic Smartphone,6,Chrome Mobile,0,1
160,4498e146-766f-464c-94ef-adfcc8fe2698,exposed,2020-07-09,6,Generic Smartphone,6,Chrome Mobile,1,0
161,458468a6-1216-430d-8fd8-c4ef0e565e72,control,2020-07-09,11,Generic Smartphone,6,Chrome Mobile,1,0
162,4584720e-312d-4389-a9d2-ad6c433669b7,control,2020-07-03,15,Generic Smartphone,6,Chrome Mobile,1,0
163,45e5e2a3-fd50-4a29-bef0-eae743d5dc48,exposed,2020-07-04,10,Generic Smartphone,6,Chrome Mobile,1,0
164,461b5f81-361f-41c0-b38b-dd34f671ab5a,exposed,2020-07-05,10,Generic Smartphone,6,Chrome Mobile,0,1
165,46906f5a-d536-4d58-99af-e27e02695afe,exposed,2020-07-08,18,Generic Smartphone,6,Chrome Mobile,0,1
166,4796d66c-1849-4a31-bb38-75b0d41d566c,exposed,2020-07-06,9,Generic Smartphone,6,Chrome Mobile,0,1
167,49e7690d-4825-499c-9553-756af3198a10,control,2020-07-07,10,Generic Smartphone,6,Chrome Mobile,1,0
168,4a6ff9e5-d2d7-4a71-b0f4-6bf1ec002f1b,control,2020-07-08,21,LG-$2,6,Chrome Mobile,1,0
169,4acd64d5-5071-41cd-ba66-40d0ae72d8dd,control,2020-07-03,15,Generic Smartphone,6,Chrome Mobile,0,1
170,4af0156c-3371-4d6a-8e62-6ff6d1432368,control,2020-07-09,12,Samsung SM-A105FN,6,Chrome Mobile,0,1
171,4af11910-53a2-4a1d-a67f-a7fd53d6a8d7,exposed,2020-07-05,12,Generic Smartphone,6,Chrome Mobile,0,1
172,4b92d18c-2184-4b44-ad82-1fa142bd4389,control,2020-07-10,2,Generic Smartphone,6,Chrome Mobile,1,0
173,4c47394c-fd7f-4a7e-aff9-8014893702ee,control,2020-07-03,15,Generic Smartphone,6,Chrome Mobile,0,1
174,4cb6ba40-76d1-419f-9a90-b57e94365b42,control,2020-07-03,15,Generic Smartphone,6,Chrome Mobile,0,1
175,4d30e931-688a-4a10-ab3a-930c0096549f,control,2020-07-03,15,Generic Smartphone,6,Chrome Mobile,1,0
176,4d6160f2-dfb2-4754-9caa-6ad2be66f043,control,2020-07-03,15,Generic Smartphone,6,Chrome Mobile,0,1
177,4d64a3ef-9f3c-4996-947e-d60ab96131ab,control,2020-07-08,2,Generic Smartphone,6,Chrome Mobile,0,1
178,4d658cfa-53b6-4efe-b38a-b48504c45511,exposed,2020-07-07,2,Generic Smartphone,6,Chrome Mobile,0,1
179,4e0c6839-9da6-4291-a45c-31e0bda501a8,exposed,2020-07-04,8,Generic Smartphone,6,Chrome Mobile,0,1
180,4e9423d8-1db2-45b8-8cd4-ae52bdd80f1a,control,2020-07-10,4,Generic Smartphone,6,Chrome Mobile,1,0
181,4ebbb5a3-5e0e-4bcf-bff0-a7700f8ad247,control,2020-07-09,4,Nokia undefined$2$3,6,Chrome Mobile,0,1
182,4fb02ea5-9b40-458f-aeb6-7909f7089414,exposed,2020-07-09,15,Generic Smartphone,6,Chrome Mobile,0,1
183,4fcf0072-c0d6-4f6a-afe5-23f88a2438d1,control,2020-07-03,15,Generic Smartphone,6,Chrome Mobile,1,0
184,4ff45daa-a156-4181-b369-6832be7f3b55,exposed,2020-07-05,0,Generic Smartphone,6,Chrome Mobile,1,0
185,5039e9b8-cb80-4f33-80b4-3b21e9070fd3,control,2020-07-09,0,Generic Smartphone,6,Chrome Mobile,0,1
186,503b0496-37a7-4344-ad59-e1562791ae47,exposed,2020-07-09,0,Generic Smartphone,6,Chrome Mobile,0,1
187,505f1a22-7263-41da-88d2-5b58eec19761,exposed,2020-07-10,11,Generic Smartphone,6,Chrome Mobile,0,1
188,5076b505-7540-40e5-a806-cc10d78e1664,exposed,2020-07-08,16,Generic Smartphone,6,Chrome Mobile,1,0
189,508ccd3a-35a8-4e45-a77d-d9091ab86cdb,exposed,2020-07-05,8,Generic Smartphone,6,Chrome Mobile,0,1
190,512b92ea-ed2e-4667-8bbe-d5d821c835bb,exposed,2020-07-08,15,Generic Smartphone,6,Chrome Mobile,0,1
191,516788c6-1843-47f7-b6e1-2ad22a5d1735,exposed,2020-07-10,3,Generic Smartphone,6,Chrome Mobile,0,1
192,527275af-810f-436e-9c1b-3cc87927c8f5,control,2020-07-10,15,Generic Smartphone,6,Chrome Mobile,0,1
193,52788ed3-653c-480b-aa0d-d36b1dc36166,exposed,2020-07-03,7,Generic Smartphone,6,Chrome Mobile,1,0
194,52f3f895-0211-43e5-8560-d6019ff8f042,exposed,2020-07-03,8,Generic Smartphone,6,Chrome Mobile,0,1
195,53483309-2717-4f0b-8302-b7f3f33ee907,control,2020-07-08,22,Generic Smartphone,6,Chrome Mobile,1,0
196,5358fee8-5aed-40da-a133-d788af39c59a,control,2020-07-07,17,Generic Smartphone,6,Chrome Mobile,1,0
197,5378e49b-ec5b-46e8-9e43-03ba4a89a3f7,exposed,2020-07-03,1,Generic Smartphone,6,Chrome Mobile,1,0
198,538f31a8-21cf-48eb-be4f-a879f6a9bbd3,exposed,2020-07-04,3,Generic Smartphone,6,Chrome Mobile,0,1
199,542419da-d4e5-450d-b6fa-012c02e6d2ef,exposed,2020-07-09,11,Generic Smartphone,6,Chrome Mobile,0,1
200,5434ebb8-0685-4bce-b994-1bbff94c6c30,exposed,2020-07-08,17,Generic Smartphone,6,Chrome Mobile,1,0
201,54d074db-722b-4c73-9501-0f2175257d2b,exposed,2020-07-06,3,Generic Smartphone,6,Chrome Mobile,0,1
202,5592797c-9373-4709-9f4e-c8b5b598d9c6,control,2020-07-04,19,Generic Smartphone,6,Chrome Mobile,0,1
203,55a89f9c-71b7-4005-a429-49e2126268a3,control,2020-07-03,15,Generic Smartphone,6,Chrome Mobile,0,1
204,55d8dd33-e03b-4e07-9583-b5f7079e28ae,exposed,2020-07-09,16,Generic Smartphone,6,Chrome Mobile,0,1
205,56237354-3a8d-4856-afe5-1ed8bd0b9990,exposed,2020-07-03,7,Generic Smartphone,6,Chrome Mobile,0,1
206,577d8982-42dc-401d-8fc3-56e394a96782,exposed,2020-07-09,16,Generic Smartphone,6,Chrome Mobile,0,1
207,57a98c29-7c1c-4f9a-b851-3786697a100b,control,2020-07-03,15,Generic Smartphone,6,Chrome Mobile,0,1
208,57b5369e-dedb-4f85-ade0-6610d0bfff3b,control,2020-07-03,15,Generic Smartphone,6,Chrome Mobile,1,0
209,585a6caf-04de-4325-8437-a4a7e4a65f65,exposed,2020-07-06,6,Generic Smartphone,6,Chrome Mobile,1,0
210,586008bc-cb0a-4521-84d2-034a45ca7b98,control,2020-07-03,15,Generic Smartphone,6,Chrome Mobile,0,1
211,589dbe6d-4d47-4841-a20f-c707326ccf3d,exposed,2020-07-06,10,Generic Smartphone,6,Chrome Mobile,1,0
212,58a546f9-44fc-4fba-9f90-920811b232bf,exposed,2020-07-06,6,Generic Smartphone,6,Chrome Mobile,1,0
213,594ecca2-51fe-4e43-9bcb-38ba4790a2b1,control,2020-07-03,15,Generic Smartphone,6,Chrome Mobile,0,1
214,5980b553-b284-4bad-ab08-c8f9f032342c,control,2020-07-03,15,Generic Smartphone,6,Chrome Mobile,0,1
215,59cc2ee4-e210-4b96-8e82-99d0a6cdbe9b,exposed,2020-07-05,13,Generic Smartphone,6,Chrome Mobile,1,0
216,59dbd61a-a0ac-45ee-9d7f-18ab30295485,control,2020-07-07,3,Generic Smartphone,6,Chrome Mobile,0,1
217,5a197fb0-14ed-47fd-8d3d-1e58b3474749,control,2020-07-04,13,Generic Smartphone,6,Chrome Mobile,0,1
218,5aacbe2c-080f-4542-a289-2f147fa71606,exposed,2020-07-03,9,Generic Smartphone,6,Chrome Mobile,0,1
219,5b01df47-0f8b-49fe-8ead-2bb50bbc4282,exposed,2020-07-05,11,Generic Smartphone,6,Chrome Mobile,1,0
220,5b22bcb4-f741-423b-9669-8c67ad123492,exposed,2020-07-09,12,Generic Smartphone,6,Chrome Mobile,0,1
221,5b2472a3-a8b2-49ce-bd22-fbd2caddb70f,control,2020-07-08,14,Generic Smartphone,6,Chrome Mobile,0,1
222,5b3dd0c2-8faf-4f92-b704-b6e44b307149,exposed,2020-07-04,23,Generic Smartphone,6,Chrome Mobile,1,0
223,5bb738ab-fade-4368-ae39-5f1a0960e125,control,2020-07-09,1,Generic Smartphone,6,Chrome Mobile,1,0
224,5c26b6e5-17e0-4ab0-b8ed-66b6a7128e94,control,2020-07-03,15,Generic Smartphone,6,Chrome Mobile,1,0
225,5c5dbb23-ace5-4f55-a58c-5765edca8ff2,exposed,2020-07-03,14,Generic Smartphone,6,Chrome Mobile,0,1
226,5d1ef0a2-ad46-4a78-b8dc-2167e0b44749,exposed,2020-07-07,18,Generic Smartphone,6,Chrome Mobile,0,1
227,5d64d8fd-a7ff-4138-a7d7-2cdd5e3ecee0,exposed,2020-07-08,14,Generic Smartphone,6,Chrome Mobile,1,0
228,5d862301-0433-44ab-839e-40c8b3ac0eb1,control,2020-07-03,15,Generic Smartphone,6,Chrome Mobile,0,1
229,5dc18de0-c63c-4543-9a08-397f809122eb,control,2020-07-05,11,Generic Smartphone,6,Chrome Mobile,1,0
230,5ddca3a0-256b-4e41-8f72-dc201b8a26f5,control,2020-07-03,15,Generic Smartphone,6,Chrome Mobile,1,0
231,5dffc7d3-4069-45b0-bb3a-b6b611f68daf,exposed,2020-07-09,7,Generic Smartphone,6,Chrome Mobile,1,0
232,5e1e9b78-1d8e-4348-954e-9af54897a3e8,exposed,2020-07-08,21,LG-$2,6,Chrome Mobile,1,0
233,5e398ffb-e595-40fb-8fe9-8fd879b0df2e,exposed,2020-07-09,17,Generic Smartphone,6,Chrome Mobile,0,1
234,5e7c9d3b-1a50-48dc-9792-508acb0020bc,control,2020-07-10,14,Generic Smartphone,6,Chrome Mobile,0,1
235,5ebd8e85-71d3-499d-83d3-bf4375bdec18,exposed,2020-07-08,15,Generic Smartphone,6,Chrome Mobile,1,0
236,5ec0683b-c883-4ff8-b824-dca8c0261e66,control,2020-07-08,19,Generic Smartphone,6,Chrome Mobile,0,1
237,5ecef4d6-f42f-4852-ad9c-74f157c2322a,control,2020-07-03,15,Generic Smartphone,6,Chrome Mobile,1,0
238,5ed6128d-b8fd-4a33-95bf-8c7a5d09bea4,exposed,2020-07-08,15,Generic Smartphone,6,Chrome Mobile,0,1
239,5ef50318-b9ef-4ae1-9569-5eb368fabdf1,exposed,2020-07-07,9,Generic Smartphone,6,Chrome Mobile,1,0
240,5f04566f-d5e8-4ac5-8fa7-ac52db677509,exposed,2020-07-07,22,Generic Smartphone,6,Chrome Mobile,1,0
241,5fd04435-d6ea-4b89-92cf-149449701675,control,2020-07-09,9,Generic Smartphone,6,Chrome Mobile,0,1
242,60079877-1f31-42ea-9336-ff20fdfad39c,control,2020-07-04,3,Generic Smartphone,6,Chrome Mobile,0,1
243,604c7a27-a814-41e0-bf6e-d0315beea85c,exposed,2020-07-08,18,Generic Smartphone,6,Chrome Mobile,0,1
244,6060009d-20fe-4ecf-bc9f-0a3e1cb5e815,exposed,2020-07-03,11,Generic Smartphone,6,Chrome Mobile,0,1
245,6097d7ca-c6ed-43ea-a127-a1c158e551ae,control,2020-07-03,15,Generic Smartphone,6,Chrome Mobile,1,0
246,60e51496-0008-4836-baf5-24295395ac08,exposed,2020-07-03,10,Generic Smartphone,6,Chrome Mobile,1,0
247,613fee65-7077-4e52-bbb9-4796fa72e386,exposed,2020-07-05,8,Samsung SM-G960F,6,Chrome Mobile,0,1
248,621a3141-36fa-48cb-95ff-e400507588fd,exposed,2020-07-04,16,Generic Smartphone,6,Chrome Mobile,0,1
249,6234d9dd-300a-4ce5-923b-9c02d3bebfac,exposed,2020-07-03,8,Generic Smartphone,6,Chrome Mobile,1,0
250,630c6475-14a9-4393-8151-12d2e430ff0f,exposed,2020-07-04,6,Generic Smartphone,6,Chrome Mobile,1,0
251,635edce7-bc10-4893-85c4-9add4e778825,exposed,2020-07-08,15,Generic Smartphone,6,Chrome Mobile,0,1
252,63b92003-b823-44b6-b5aa-e417668f02ec,exposed,2020-07-05,6,Generic Smartphone,6,Chrome Mobile,0,1
253,641102fd-5285-45dc-9a74-2d6d8cb31aeb,exposed,2020-07-04,10,Generic Smartphone,6,Chrome Mobile,1,0
254,648ea43a-e420-4eaf-a436-3033b9c75606,exposed,2020-07-06,9,Generic Smartphone,6,Chrome Mobile,0,1
255,64beba58-5f3b-4de3-8c81-0cb5ece67c5d,exposed,2020-07-04,9,Generic Smartphone,6,Chrome Mobile,1,0
256,64f4838d-5f0d-49a1-be79-f261ec4d8ddd,exposed,2020-07-04,17,Generic Smartphone,6,Chrome Mobile,0,1
257,6582a42c-eb5a-4b7d-bc4a-55422511fcab,exposed,2020-07-10,16,Generic Smartphone,6,Chrome Mobile,0,1
258,65a95026-737d-439f-bf31-0d87d8cef632,exposed,2020-07-09,12,Generic Smartphone,6,Chrome Mobile,1,0
259,65d74bd2-55e9-45d1-b08f-19bd1a48155d,control,2020-07-07,8,Generic Smartphone,6,Chrome Mobile,1,0
260,66018aa0-7f55-4a69-a9e6-e0728354cc29,exposed,2020-07-04,19,Generic Smartphone,6,Chrome Mobile,0,1
261,661d318d-6f8c-43ee-bf50-e0e55c7063c0,control,2020-07-03,15,Generic Smartphone,6,Chrome Mobile,0,1
262,676e8827-83ba-4ab5-a452-dc4c794e5dbf,exposed,2020-07-09,11,Generic Smartphone,6,Chrome Mobile,0,1
263,67d06c4c-9642-431f-902d-115baf15ef81,control,2020-07-03,15,Generic Smartphone,6,Chrome Mobile,1,0
264,67f0bcc8-e606-4746-8add-6204619dbd9c,exposed,2020-07-03,8,Generic Smartphone,6,Chrome Mobile,1,0
265,6879270b-186f-4af8-af37-9828a54db8e3,exposed,2020-07-03,12,Generic Smartphone,6,Chrome Mobile,0,1
266,6961f785-7636-4ed2-b7c3-eb98e94a1c1c,control,2020-07-03,15,Generic Smartphone,6,Chrome Mobile,0,1
267,69d9c967-9d31-4309-95b3-791766ab5a1f,exposed,2020-07-05,0,Generic Smartphone,6,Chrome Mobile,0,1
268,69dcd51c-bf03-428a-8def-c380f174f035,control,2020-07-09,12,Generic Smartphone,6,Chrome Mobile,1,0
269,6a1411c4-923a-4cb5-80e7-1042c27e61fb,exposed,2020-07-03,10,Generic Smartphone,6,Chrome Mobile,0,1
270,6a3e319e-5c3e-488f-a158-b075cb5f6591,exposed,2020-07-03,11,Generic Smartphone,6,Chrome Mobile,0,1
271,6a59d23a-38dd-41ab-a29a-64d590d1975e,control,2020-07-03,15,Generic Smartphone,6,Chrome Mobile,1,0
272,6afb470b-43d6-497f-a3c3-f3399bc5d317,control,2020-07-03,15,Generic Smartphone,6,Chrome Mobile,0,1
273,6b21d95b-178f-445a-8810-d7acdac10e5d,exposed,2020-07-03,8,Generic Smartphone,6,Chrome Mobile,0,1
274,6b989c20-5a66-4d96-bb68-5b5d70de3749,control,2020-07-06,5,Generic Smartphone,6,Chrome Mobile,0,1
275,6b98e0a1-910d-4766-bc66-b28c50021fae,control,2020-07-03,15,Generic Smartphone,6,Chrome Mobile,0,1
276,6ba9d796-64ab-4df8-93ec-9b0ffcb8f519,control,2020-07-03,15,Generic Smartphone,6,Chrome Mobile,0,1
277,6bdcc691-6df8-4970-a6bd-02d8a13e8103,exposed,2020-07-04,4,Generic Smartphone,6,Chrome Mobile,0,1
278,6cd75519-0f96-42e2-94c1-47714bd79b4e,exposed,2020-07-08,18,Generic Smartphone,6,Chrome Mobile,1,0
279,6d0b7da0-7798-4b70-88c2-f94e5ab65cb6,control,2020-07-10,4,Generic Smartphone,6,Chrome Mobile,0,1
280,6e0cca4f-9bae-4b9a-9af5-69ca6dccdb69,exposed,2020-07-10,15,Generic Smartphone,6,Chrome Mobile,0,1
281,6e150423-c2d2-4001-9107-725799e2f5d6,exposed,2020-07-03,8,Generic Smartphone,6,Chrome Mobile,0,1
282,6efe4e0c-bfc8-4056-9789-9d74d7eda6ca,control,2020-07-03,15,Generic Smartphone,6,Chrome Mobile,0,1
283,6f205f09-5bca-4fa0-bed4-01d86dc558c2,exposed,2020-07-06,4,Generic Smartphone,6,Chrome Mobile,1,0
284,70361a09-0b73-48d0-afc4-96db1d775032,exposed,2020-07-04,11,Nokia undefined$2$3,6,Chrome Mobile,1,0
285,7098a7db-b899-411d-98b0-ba1dcec9e8d3,control,2020-07-04,21,Generic Smartphone,6,Chrome Mobile,1,0
286,70bbea5e-a4eb-44f0-b7a0-407ba5566f6b,exposed,2020-07-08,5,Generic Smartphone,6,Chrome Mobile,1,0
287,70ea9c00-d772-44fb-9ffe-170ad703b2bd,control,2020-07-03,15,Generic Smartphone,6,Chrome Mobile,1,0
288,71cedc9a-cef8-4a84-bf6e-cf8b4add592a,control,2020-07-04,11,Generic Smartphone,6,Chrome Mobile,1,0
289,7229d3ef-4200-49d2-948f-c8df366b3a44,control,2020-07-07,9,Generic Smartphone,6,Chrome Mobile,1,0
290,725e28cc-8ab5-4f77-abb4-9c04e78eb3b5,control,2020-07-03,15,Generic Smartphone,6,Chrome Mobile,1,0
291,729284de-66d1-4f14-8f42-6b1db1e6473e,control,2020-07-10,4,Generic Smartphone,6,Chrome Mobile,1,0
292,729e2702-0b19-4514-9221-06b8a02e0498,exposed,2020-07-05,11,Generic Smartphone,6,Chrome Mobile,0,1
293,7329ae33-9181-4ab6-bba4-f7423da122f9,exposed,2020-07-05,10,Generic Smartphone,6,Chrome Mobile,0,1
294,73533904-e01c-4506-97f3-952c6dbdba1d,control,2020-07-04,6,Generic Smartphone,6,Chrome Mobile,0,1
295,73bc733a-68c4-4d72-9b67-b4ae81e6e2ed,control,2020-07-03,15,Generic Smartphone,6,Chrome Mobile,1,0
296,73f51a9d-5e12-4e02-abea-e3649d3a6adb,exposed,2020-07-08,8,Generic Smartphone,6,Chrome Mobile,0,1
297,73fe9c6d-6ea9-4fb4-a648-82bb846301dd,exposed,2020-07-06,4,Generic Smartphone,6,Chrome Mobile,1,0
298,7424e067-9f20-4211-a8d3-bd5665963d8b,control,2020-07-03,15,Generic Smartphone,6,Chrome Mobile,0,1
299,74bcc8a2-fe6e-4499-aaef-0a92040f0981,control,2020-07-04,5,Nokia$2$3,6,Chrome Mobile,0,1
300,750e3d37-61e7-4edf-b42c-ff45b2e1b92e,control,2020-07-04,2,Generic Smartphone,6,Chrome Mobile,0,1
301,75465b1d-7358-4ad3-b13b-a8eb3e28d6f9,control,2020-07-03,15,Generic Smartphone,6,Chrome Mobile,0,1
302,75775fce-879c-4c29-9e2f-c7ad7e65c588,control,2020-07-03,15,Generic Smartphone,6,Chrome Mobile,0,1
303,75f2ff32-6601-4bb2-b53e-0e80d21b5106,exposed,2020-07-03,11,Generic Smartphone,6,Chrome Mobile,0,1
304,760a60a7-c51e-4ed9-b04f-e1cb84a700f8,control,2020-07-08,20,Generic Smartphone,6,Chrome Mobile,0,1
305,771f46c6-ed45-4d01-be8d-fad002d4c8ed,control,2020-07-07,5,Generic Smartphone,6,Chrome Mobile,0,1
306,77b8683b-f545-4153-b100-4d7caa94f2d5,exposed,2020-07-06,7,Generic Smartphone,6,Chrome Mobile,0,1
307,780a2d7e-d8c1-4e19-87b2-eb98a077f7ba,exposed,2020-07-10,4,Generic Smartphone,6,Chrome Mobile,1,0
308,78334283-17e0-4221-b93b-18d65beffe9b,exposed,2020-07-03,13,Generic Smartphone,6,Chrome Mobile,1,0
309,78482867-0973-4aac-934d-d01454044dff,exposed,2020-07-04,15,Generic Smartphone,6,Chrome Mobile,0,1
310,78a601bc-d74c-43fe-b193-885eaa9b2149,control,2020-07-03,15,Generic Smartphone,6,Chrome Mobile,1,0
311,7908cc88-7e67-4274-91ee-bda6469233ae,exposed,2020-07-09,7,Generic Smartphone,6,Chrome Mobile,1,0
312,79931b42-2f45-4e44-aea7-d33c057519b9,exposed,2020-07-06,8,Generic Smartphone,6,Chrome Mobile,0,1
313,7994019a-3f73-4ad5-8288-a622859b2445,exposed,2020-07-06,7,Generic Smartphone,6,Chrome Mobile,0,1
314,7ae21a53-219a-4fbc-a2d7-531dfd19ffa8,control,2020-07-10,16,Generic Smartphone,6,Chrome Mobile,0,1
315,7b46743d-aefc-49ef-abf5-c49544b25d9b,control,2020-07-03,15,Generic Smartphone,6,Chrome Mobile,1,0
316,7c23951c-6a73-4919-959f-45fa00909ca9,control,2020-07-06,10,Generic Smartphone,6,Chrome Mobile,1,0
317,7c3d937d-e200-4def-9db5-997e0eff2af8,exposed,2020-07-04,3,Nokia undefined$2$3,6,Chrome Mobile,1,0
318,7c484dcc-d619-416b-80a1-2b5995ce0ccf,exposed,2020-07-10,2,Generic Smartphone,6,Chrome Mobile,0,1
319,7c78e50d-079b-44bd-8565-5b89bf2d0418,control,2020-07-09,2,Generic Smartphone,6,Chrome Mobile,0,1
320,7cebd2b7-7978-428a-b0a8-9d38766bd299,exposed,2020-07-07,22,Generic Smartphone,6,Chrome Mobile,1,0
321,7d1a2e55-40a8-43d0-a073-fee8d1c92bfe,exposed,2020-07-08,19,Generic Smartphone,6,Chrome Mobile,0,1
322,7d8376bc-6f71-47c3-9c86-a938bc5d0596,exposed,2020-07-03,0,Generic Smartphone,6,Chrome Mobile,1,0
323,7d978bd2-f198-44a2-b918-9ba681a621ef,exposed,2020-07-09,17,Generic Smartphone,6,Chrome Mobile,1,0
324,7f337ab2-4561-4156-a75c-fd98e090a06c,control,2020-07-04,5,Generic Smartphone,6,Chrome Mobile,1,0
325,7febe5a7-4d5d-4e50-8a8e-1278965044ac,control,2020-07-07,13,Generic Smartphone,6,Chrome Mobile,0,1
326,805cffd0-43b1-40a1-aecd-e04055b6059f,exposed,2020-07-08,12,Generic Smartphone,6,Chrome Mobile,1,0
327,80b9fecc-ef23-4896-bd43-b81c074f49c3,control,2020-07-09,17,Generic Smartphone,6,Chrome Mobile,1,0
328,80f69d29-f000-4973-99ab-277143bc90cb,control,2020-07-04,9,Generic Smartphone,6,Chrome Mobile,0,1
329,80fb2246-92be-4da8-b1b9-724b22c4e90a,control,2020-07-08,18,Generic Smartphone,6,Chrome Mobile,0,1
330,80fc937f-f009-4d1a-ae68-4615b9e7f927,control,2020-07-08,17,Generic Smartphone,6,Chrome Mobile,1,0
331,81917d68-d672-42bd-83dd-a96dba48a64a,exposed,2020-07-09,18,Generic Smartphone,6,Chrome Mobile,0,1
332,8257ea69-d84b-4740-a1dc-e3c65850c0ce,control,2020-07-05,21,Generic Smartphone,6,Chrome Mobile,0,1
333,827d918d-95b0-4912-89f9-da0cc56b1a25,control,2020-07-08,15,Generic Smartphone,6,Chrome Mobile,1,0
334,82831d77-15f3-4961-a459-a3c13dfd8f82,control,2020-07-03,15,Generic Smartphone,6,Chrome Mobile,0,1
335,82941242-45c0-4aa7-afa7-ca68cb4eff7a,exposed,2020-07-07,9,Generic Smartphone,6,Chrome Mobile,1,0
336,82a14bc9-b578-4f25-9bef-137c3136a094,exposed,2020-07-03,9,Generic Smartphone,6,Chrome Mobile,0,1
337,8303f01a-9dc3-40ec-b9e4-b4822b395368,control,2020-07-07,0,Generic Smartphone,6,Chrome Mobile,0,1
338,843a9083-e30c-4742-b0a7-f61a131b5c53,control,2020-07-05,15,Generic Smartphone,6,Chrome Mobile,1,0
339,846edb68-873e-4821-b0cf-77e6ac15ab08,exposed,2020-07-08,13,Generic Smartphone,6,Chrome Mobile,0,1
340,84baf14e-2f9f-4d96-bcb5-ea23f4a37325,control,2020-07-10,7,Generic Smartphone,6,Chrome Mobile,0,1
341,85059fb4-4351-4c9b-8df1-ffd90e810055,control,2020-07-03,15,Generic Smartphone,6,Chrome Mobile,0,1
342,85852946-9916-4032-8858-1479994feefb,exposed,2020-07-09,14,Generic Smartphone,6,Chrome Mobile,0,1
343,8587653f-3aed-4ba9-b962-f376c2c196e2,control,2020-07-08,19,Generic Smartphone,6,Chrome Mobile,1,0
344,8587f5fd-d3ac-4f9d-8fae-0261625a8b30,control,2020-07-03,15,Generic Smartphone,6,Chrome Mobile,1,0
345,85bd4f2e-5918-4cd2-87ad-a8f7af4c6b96,exposed,2020-07-05,6,Generic Smartphone,6,Chrome Mobile,1,0
346,85c4fee1-7772-44e7-acb9-81db633da502,control,2020-07-03,15,Generic Smartphone,6,Chrome Mobile,0,1
347,85e1ba26-acbc-4f7a-aa1a-07f1ab85fdbd,exposed,2020-07-06,2,Generic Smartphone,6,Chrome Mobile,1,0
348,87cd4889-09fe-4e40-a009-cccad6ab68c9,exposed,2020-07-09,10,Generic Smartphone,6,Chrome Mobile,0,1
349,87ef35fb-79b1-483b-a170-01efc3dd945c,exposed,2020-07-08,16,Generic Smartphone,6,Chrome Mobile,1,0
350,87fbdaef-9c71-4fa6-a675-e90b6c6833d0,exposed,2020-07-08,3,Generic Smartphone,6,Chrome Mobile,0,1
351,88202ad5-001f-466a-a4b2-e0008a0df167,exposed,2020-07-09,12,Generic Smartphone,6,Chrome Mobile,0,1
352,8908cb92-95d9-4fd9-8099-dff20f3136ae,control,2020-07-06,9,Generic Smartphone,6,Chrome Mobile,0,1
353,89644a44-009a-42c8-ae7b-91026ef58151,control,2020-07-09,20,Generic Smartphone,6,Chrome Mobile,1,0
354,896f1a69-489e-4a97-85d0-267cee43f5bf,exposed,2020-07-10,7,Generic Smartphone,6,Chrome Mobile,0,1
355,8992b170-1fd2-49ad-b91d-2d63d67d117c,exposed,2020-07-10,7,HTC Desire $2,6,Chrome Mobile,1,0
356,89d6230d-809d-4386-9830-3a1fd88a2807,control,2020-07-03,15,Generic Smartphone,6,Chrome Mobile,1,0
357,8a9d35a5-5980-4591-82e8-1b7fa84b2af8,exposed,2020-07-05,16,Generic Smartphone,6,Chrome Mobile,1,0
358,8aae92c5-0763-4083-85ec-ccf1b3eaadfb,exposed,2020-07-10,15,Generic Smartphone,6,Chrome Mobile,1,0
359,8adb388e-2c46-413f-91f7-b24dd5dcb7f3,exposed,2020-07-10,1,Generic Smartphone,6,Chrome Mobile,0,1
360,8b4215f9-2583-43d5-842f-527739e1cc1f,exposed,2020-07-04,14,Generic Smartphone,6,Chrome Mobile,0,1
361,8b551c5c-ac07-483b-b66e-2c4301660bfe,exposed,2020-07-04,14,Generic Smartphone,6,Chrome Mobile,0,1
362,8babb589-ab4e-4371-892e-8aca9f852548,exposed,2020-07-09,5,Generic Smartphone,6,Chrome Mobile,0,1
363,8c22abe3-1403-4da5-b3c3-24b2fb6986a3,exposed,2020-07-10,1,Generic Smartphone,6,Chrome Mobile,0,1
364,8c558656-7cd3-4c13-bdf9-6af3b068422e,control,2020-07-05,7,Generic Smartphone,6,Chrome Mobile,1,0
365,8c6bd9c8-b63b-4bfa-a047-023502992d3e,exposed,2020-07-05,7,Generic Smartphone,6,Chrome Mobile,0,1
366,8ca5ee31-c6f0-4961-82b7-6ba0dbb904b1,exposed,2020-07-08,18,Generic Smartphone,6,Chrome Mobile,0,1
367,8cc6fcc9-3e50-4755-bae9-7a7167ad6d23,exposed,2020-07-04,10,LG-$2,6,Chrome Mobile,1,0
368,8decec21-514c-4c2a-a9e1-bee3ba4fa94c,exposed,2020-07-08,20,Generic Smartphone,6,Chrome Mobile,1,0
369,8e0e0869-4b64-4f1e-ac8e-ad8355b41820,exposed,2020-07-04,10,Generic Smartphone,6,Chrome Mobile,0,1
370,8e4faab7-7026-4d9d-9a7f-1cbc2173a45d,exposed,2020-07-08,22,Generic Smartphone,6,Chrome Mobile,1,0
371,8ee0d33f-647e-475b-8d6a-541f7c90a2ab,control,2020-07-09,21,Generic Smartphone,6,Chrome Mobile,1,0
372,8f0066f3-00b6-4ad3-98d3-745a80b900fe,exposed,2020-07-07,4,Generic Smartphone,6,Chrome Mobile,0,1
373,8f17389a-627f-46c4-ad26-ee2321f46f52,exposed,2020-07-08,15,MRD-LX1,6,Chrome Mobile,1,0
374,8f485c8d-13f9-4562-8d94-b554adfe8c90,exposed,2020-07-03,5,Generic Smartphone,6,Chrome Mobile,1,0
375,8fd47d20-07e3-43d2-99b2-f511221037a2,exposed,2020-07-06,5,Generic Smartphone,6,Chrome Mobile,0,1
376,9047289e-68b3-4438-807b-e23b0deb44f6,control,2020-07-04,11,Generic Smartphone,6,Chrome Mobile,0,1
377,90e88134-b9bc-4655-99d1-3f73b124c1bc,exposed,2020-07-10,15,Generic Smartphone,6,Chrome Mobile,1,0
378,910fad97-21a5-4ba4-bad3-b654dd838a0e,control,2020-07-03,15,Generic Smartphone,6,Chrome Mobile,0,1
379,9125796f-3306-4a80-a96f-f9fd5445d56f,exposed,2020-07-06,1,Generic Smartphone,6,Chrome Mobile,0,1
380,9143f246-84eb-4c00-a829-e4f26cd40187,control,2020-07-03,15,Generic Smartphone,6,Chrome Mobile,0,1
381,91713b55-9066-4861-b290-7b2174c45bae,exposed,2020-07-05,4,Generic Smartphone,6,Chrome Mobile,0,1
382,91d5ddab-b08e-49a1-88ad-c3904f07eeee,control,2020-07-03,15,Generic Smartphone,6,Chrome Mobile,0,1
383,921af32a-10a3-4dc7-a547-bdb5481d179f,exposed,2020-07-08,5,Generic Smartphone,6,Chrome Mobile,1,0
384,921b8666-ccb6-47b0-9065-045eb77aba55,exposed,2020-07-08,14,Generic Smartphone,6,Chrome Mobile,1,0
385,9298f36a-b3b7-472e-923a-1cc1dbb919e7,control,2020-07-03,15,Generic Smartphone,6,Chrome Mobile,1,0
386,92e4a093-f671-4f1b-a208-c17a6af430e6,control,2020-07-03,15,Generic Smartphone,6,Chrome Mobile,1,0
387,92e55795-389a-4fbf-ad4a-5c351cc1c20c,exposed,2020-07-07,14,Generic Smartphone,6,Chrome Mobile,1,0
388,937f8a2d-3ca1-4612-8805-269517700964,exposed,2020-07-09,1,Generic Smartphone,6,Chrome Mobile,0,1
389,93d7d285-71d3-4bd8-bc83-4def8b69b9af,exposed,2020-07-06,4,Generic Smartphone,6,Chrome Mobile,0,1
390,947c68a3-206b-4821-8492-b591eafa6256,control,2020-07-07,4,Generic Smartphone,6,Chrome Mobile,0,1
391,9484b215-8f77-484b-acce-0197401f85e1,exposed,2020-07-07,12,Generic Smartphone,6,Chrome Mobile,1,0
392,949484df-85bd-4f50-8eba-fdcd05a8ca50,control,2020-07-08,20,Generic Smartphone,6,Chrome Mobile,0,1
393,9508cc84-ef3c-4091-a313-ef32c95d8af7,control,2020-07-09,4,Generic Smartphone,6,Chrome Mobile,1,0
394,955f1eb7-9e62-46f3-bbb1-ca547332c925,control,2020-07-04,4,Generic Smartphone,6,Chrome Mobile,0,1
395,96026797-77dd-4d3c-b7da-cd061079fab9,exposed,2020-07-10,12,Generic Smartphone,6,Chrome Mobile,0,1
396,9690f6f6-6fac-4bb0-831c-272f05a385be,control,2020-07-09,14,Generic Smartphone,6,Chrome Mobile,1,0
397,9812f336-4e28-486b-9459-c763bbeb8eaa,exposed,2020-07-07,21,Generic Smartphone,6,Chrome Mobile,0,1
398,9904a132-bf0c-4b85-a050-00dc91296d3d,exposed,2020-07-04,6,Generic Smartphone,6,Chrome Mobile,0,1
399,996ce3ac-f2df-4955-8bfa-22edd0158d77,exposed,2020-07-04,11,Generic Smartphone,6,Chrome Mobile,0,1
400,9a1735fe-3cbf-41c1-ba89-a57a6e2d00ba,exposed,2020-07-08,18,Nokia undefined$2$3,6,Chrome Mobile,1,0
401,9a685f5c-8764-48cb-9b43-a3f91249a208,exposed,2020-07-07,20,Generic Smartphone,6,Chrome Mobile,1,0
402,9a861b80-0703-47a5-8b65-f4d34c63ae48,control,2020-07-05,2,Generic Smartphone,6,Chrome Mobile,0,1
403,9a97b477-c294-4234-8449-a92da02b60bd,control,2020-07-03,15,Generic Smartphone,6,Chrome Mobile,0,1
404,9aa247bb-83c3-458d-a5ec-58d6686183c0,exposed,2020-07-05,4,Generic Smartphone,6,Chrome Mobile,0,1
405,9aab129d-e08a-4b96-a25e-2421cbb727ca,exposed,2020-07-04,19,Generic Smartphone,6,Chrome Mobile,1,0
406,9ae9ca18-6562-4ef7-a9e4-b28fdcac1c42,control,2020-07-04,17,Generic Smartphone,6,Chrome Mobile,1,0
407,9b16782b-684f-408f-9fa9-187e902b2fc1,exposed,2020-07-10,7,Generic Smartphone,6,Chrome Mobile,0,1
408,9b6a8a25-9ce3-416a-8f01-1d6a3db0fd64,control,2020-07-03,15,Generic Smartphone,6,Chrome Mobile,1,0
409,9b7a2497-f2f3-4cfd-bf1b-bf533fa39f4f,exposed,2020-07-10,2,Generic Smartphone,6,Chrome Mobile,0,1
410,9bd2634c-5382-4025-9652-812c761468ce,control,2020-07-03,15,Generic Smartphone,6,Chrome Mobile,1,0
411,9bec4938-9792-4346-afe2-a35e06c814b4,control,2020-07-09,1,Generic Smartphone,6,Chrome Mobile,0,1
412,9bec5d6a-dc2f-4d60-b9d0-e25babbbfe04,control,2020-07-09,1,IMO $2,6,Chrome Mobile,1,0
413,9bf1f08e-c752-4287-85e0-4e5af1379876,exposed,2020-07-07,5,Generic Smartphone,6,Chrome Mobile,0,1
414,9ca24739-4a02-4f5c-9307-01a871b20028,exposed,2020-07-09,3,Generic Smartphone,6,Chrome Mobile,0,1
415,9d7fc4b4-7027-4087-917c-9ae1ac0e5e32,exposed,2020-07-08,18,Generic Smartphone,6,Chrome Mobile,1,0
416,9d958055-c1bf-44bb-ab31-f787ca9e116c,exposed,2020-07-08,20,Generic Smartphone,6,Chrome Mobile,1,0
417,9e217620-d5ba-437b-949f-e6e7dbd0c011,control,2020-07-06,4,Generic Smartphone,6,Chrome Mobile,1,0
418,9e2727a0-87f6-4fc1-b6ec-a4705d8ce195,exposed,2020-07-08,20,Generic Smartphone,6,Chrome Mobile,0,1
419,9e91a439-8847-4177-9341-dd9fce45f151,control,2020-07-05,21,Generic Smartphone,6,Chrome Mobile,1,0
420,9ea0fc2c-e9ee-4f86-92cd-8098f569caf0,exposed,2020-07-04,15,Generic Smartphone,6,Chrome Mobile,0,1
421,9f425bcf-ebda-4879-80a3-440a73cee326,control,2020-07-06,10,Generic Smartphone,6,Chrome Mobile,0,1
422,9f5c6418-2639-49ea-8a68-bc48b0b2049e,control,2020-07-03,15,Generic Smartphone,6,Chrome Mobile,1,0
423,9fac1676-e216-41f0-b370-3fdc59c7f72e,control,2020-07-07,6,Generic Smartphone,6,Chrome Mobile,1,0
424,a083671e-6012-4d28-b48f-90136ec078fd,control,2020-07-03,15,Generic Smartphone,6,Chrome Mobile,1,0
425,a0a76438-b3f8-408f-a681-344549a190a6,exposed,2020-07-08,22,Generic Smartphone,6,Chrome Mobile,0,1
426,a10f359f-02a7-46eb-857b-bd81f9887a77,exposed,2020-07-04,11,Generic Smartphone,6,Chrome Mobile,1,0
427,a12cd168-64d7-4b56-8313-718b961cc7da,exposed,2020-07-09,23,Generic Smartphone,6,Chrome Mobile,1,0
428,a165538f-4c78-42ff-8a17-b8f3027ddf89,control,2020-07-06,7,Generic Smartphone,6,Chrome Mobile,0,1
429,a1743578-b709-4005-9d16-6d4fe616a0a4,exposed,2020-07-05,14,Generic Smartphone,6,Chrome Mobile,1,0
430,a2692767-7d5b-4bba-8587-18a2f7d3666a,control,2020-07-04,17,Generic Smartphone,6,Chrome Mobile,0,1
431,a2eeae08-0d8b-47a0-ac76-d2940d887925,exposed,2020-07-06,6,Generic Smartphone,6,Chrome Mobile,1,0
432,a318d500-470a-4ce1-9ec2-bc813f6a9f50,control,2020-07-08,18,Generic Smartphone,6,Chrome Mobile,0,1
433,a365fce3-1740-4793-a4ce-80d2238d6b60,control,2020-07-03,15,Generic Smartphone,6,Chrome Mobile,1,0
434,a3ecbefe-ea8b-475f-a775-b7007f38599b,control,2020-07-10,9,Generic Smartphone,6,Chrome Mobile,1,0
435,a4015637-4710-4ea6-b9dc-f857eeeeec43,exposed,2020-07-08,19,Generic Smartphone,6,Chrome Mobile,1,0
436,a41e9fd1-1108-4e0b-9833-5b5b9d29625b,control,2020-07-05,12,Generic Smartphone,6,Chrome Mobile,0,1
437,a45e5d2a-1446-40db-b566-6a0736dd6178,exposed,2020-07-10,3,Generic Smartphone,6,Chrome Mobile,1,0
438,a47fb994-f66d-4f6f-9d5e-1dc967ff24bf,control,2020-07-03,15,Generic Smartphone,6,Chrome Mobile,1,0
439,a49bdc14-6b4e-404e-bd88-55f133eab2ac,exposed,2020-07-07,19,Generic Smartphone,6,Chrome Mobile,1,0
440,a5041bd1-e908-4c61-8b7b-273ca524ee10,exposed,2020-07-04,5,Generic Smartphone,6,Chrome Mobile,1,0
441,a67c0609-3e55-4aec-9078-e9bd2c528ce8,exposed,2020-07-07,11,Generic Smartphone,6,Chrome Mobile,0,1
442,a6adac76-e627-44ca-8100-1d7425083881,control,2020-07-03,15,Generic Smartphone,6,Chrome Mobile,0,1
443,a6bebacb-e756-4bd9-be43-15cf04e79dbb,control,2020-07-04,8,Generic Smartphone,6,Chrome Mobile,1,0
444,a72540da-7bc2-4fb1-97bd-d1e8c70b709d,control,2020-07-03,15,Generic Smartphone,6,Chrome Mobile,1,0
445,a730ff93-b20f-4a23-b703-7c5becca5aac,exposed,2020-07-08,4,Generic Smartphone,6,Chrome Mobile,1,0
446,a887ef20-2df0-4328-a942-528cdf77f02c,exposed,2020-07-09,18,Generic Smartphone,6,Chrome Mobile,0,1
447,a89b65d6-4350-4862-9292-12cbafe149d1,control,2020-07-10,11,Generic Smartphone,6,Chrome Mobile,0,1
448,a8ab330a-93fb-4e1c-befd-9bbe60f12bfb,exposed,2020-07-10,4,Generic Smartphone,6,Chrome Mobile,1,0
449,a8cffa56-53b4-4ddb-bf87-f20c75eb1f7a,exposed,2020-07-03,12,Generic Smartphone,6,Chrome Mobile,0,1
450,a947b7e4-9a07-436e-8af1-8bad8beea172,exposed,2020-07-05,7,Generic Smartphone,6,Chrome Mobile,0,1
451,a960bd44-d44f-45c4-a430-60ca69bf9dee,control,2020-07-03,15,Generic Smartphone,6,Chrome Mobile,0,1
452,a99c79c3-fccf-4cdf-9319-a290f9ae4f6e,control,2020-07-07,21,Generic Smartphone,6,Chrome Mobile,0,1
453,a9a0aa88-f2bf-44a5-8d33-2c77e56f559a,control,2020-07-05,5,Generic Smartphone,6,Chrome Mobile,1,0
454,a9ae870a-0366-40db-b28b-ea5e6ec79dce,exposed,2020-07-05,14,Generic Smartphone,6,Chrome Mobile,1,0
455,aa84454c-a749-4c98-bf9f-1f99c04416af,exposed,2020-07-08,16,Generic Smartphone,6,Chrome Mobile,1,0
456,aaec3a7c-6ff3-45df-9fbf-f4f2ae3852e9,exposed,2020-07-08,15,Generic Smartphone,6,Chrome Mobile,1,0
457,ab1630f0-4369-46f3-8d26-304329116ee0,exposed,2020-07-09,6,Generic Smartphone,6,Chrome Mobile,0,1
458,ab235a96-9659-4bf4-969e-b6f55800fdfd,control,2020-07-08,17,Generic Smartphone,6,Chrome Mobile,0,1
459,ac21d597-17db-4b5e-8a15-beb9c9dd53b1,exposed,2020-07-09,12,Generic Smartphone,6,Chrome Mobile,0,1
460,ac8a256e-b9c1-4140-84c5-39819c3d230b,control,2020-07-03,15,Generic Smartphone,6,Chrome Mobile,1,0
461,ad3694cc-f876-4756-968f-da57f3680604,exposed,2020-07-08,17,Generic Smartphone,6,Chrome Mobile,0,1
462,ad5c63c0-72b0-404b-8a50-501f8246be93,exposed,2020-07-09,11,Generic Smartphone,6,Chrome Mobile,1,0
463,ad88c341-6d11-420e-95af-2a00fe149268,exposed,2020-07-04,13,Generic Smartphone,6,Chrome Mobile,0,1
464,ada3e3a4-2218-4458-8ef7-958f7d10ba7b,control,2020-07-07,21,Generic Smartphone,6,Chrome Mobile,1,0
465,ada7941c-2680-4f5e-9183-04514f139fba,control,2020-07-10,12,LG-$2,6,Chrome Mobile,1,0
466,adf01b35-e56f-4007-9c19-c563b194f075,exposed,2020-07-08,21,Generic Smartphone,6,Chrome Mobile,0,1
467,ae12825c-4353-4ad9-868f-4be5aef600f5,exposed,2020-07-10,5,Generic Smartphone,6,Chrome Mobile,0,1
468,ae76bc8a-8d93-419b-a951-c27f54f9c2cc,exposed,2020-07-08,17,Generic Smartphone,6,Chrome Mobile,0,1
469,ae9f6ee5-224f-40d6-883e-8bddbd7f978d,exposed,2020-07-08,16,Generic Smartphone,6,Chrome Mobile,1,0
470,af147643-56d6-4f28-9224-4537248b3f49,exposed,2020-07-08,7,Generic Smartphone,6,Chrome Mobile,1,0
471,af2ea81a-c58b-45dc-93ca-cdc7d14ec9f7,control,2020-07-10,13,Generic Smartphone,6,Chrome Mobile,0,1
472,af8cf899-e869-461d-9aed-869a284c5bbe,exposed,2020-07-04,12,Generic Smartphone,6,Chrome Mobile,0,1
473,afab37f9-8881-48eb-b9d7-9b854d618b68,exposed,2020-07-05,5,Generic Smartphone,6,Chrome Mobile,1,0
474,b0e71a0d-2629-48c3-982e-771193f2a53a,control,2020-07-06,4,Generic Smartphone,6,Chrome Mobile,0,1
475,b11f8207-f3cf-422d-a3e4-dfe525ed237b,exposed,2020-07-03,2,Generic Smartphone,6,Chrome Mobile,1,0
476,b1b39d3f-03d4-4e34-b9e7-ad6a182aea98,exposed,2020-07-08,15,Generic Smartphone,6,Chrome Mobile,1,0
477,b211f7b9-f7da-4e78-8ffb-bf9ea17af88f,exposed,2020-07-04,13,Generic Smartphone,6,Chrome Mobile,1,0
478,b21528ce-584a-4221-9922-5c18182a9635,exposed,2020-07-07,12,Generic Smartphone,6,Chrome Mobile,0,1
479,b259cb89-63b5-4239-9bcb-84f19e681c50,exposed,2020-07-03,2,Generic Smartphone,6,Chrome Mobile,1,0
480,b266d009-41a6-4d57-9a12-aa28fe724091,exposed,2020-07-08,20,Generic Smartphone,6,Chrome Mobile,1,0
481,b2871417-e53c-49a2-86e1-8b19ac9e57d7,control,2020-07-03,15,Generic Smartphone,6,Chrome Mobile,0,1
482,b29beb86-44b1-446b-8464-3a22c9c4d6aa,exposed,2020-07-09,21,Generic Smartphone,6,Chrome Mobile,0,1
483,b29c06cf-1ce5-4ae6-943b-4885886779e7,control,2020-07-03,15,Generic Smartphone,6,Chrome Mobile,1,0
484,b2d3a947-8481-44f5-928a-aa08526bf69c,exposed,2020-07-09,3,Generic Smartphone,6,Chrome Mobile,1,0
485,b334a6b5-2ce7-4e9a-9215-4bc7c560578a,exposed,2020-07-08,20,Generic Smartphone,6,Chrome Mobile,1,0
486,b38a0e0b-9b6f-42da-bb7b-e7f226c2ae34,control,2020-07-03,15,Samsung SM-A105FN,6,Chrome Mobile,1,0
487,b3d2dcda-723f-400f-8ddf-41b54a89579e,control,2020-07-09,18,Generic Smartphone,6,Chrome Mobile,0,1
488,b3ee40de-5ae2-42e4-a01c-7c4020aece1b,control,2020-07-03,15,Generic Smartphone,6,Chrome Mobile,0,1
489,b48c5ed5-8810-4dc0-ae42-086544d0ed9c,exposed,2020-07-03,13,Generic Smartphone,6,Chrome Mobile,1,0
490,b4ab0db4-a7bf-45ad-8bd0-787c641b07b1,exposed,2020-07-08,19,Generic Smartphone,6,Chrome Mobile,0,1
491,b4c6c6fd-43fc-4e13-a9a0-707095578e2a,control,2020-07-07,14,Generic Smartphone,6,Chrome Mobile,0,1
492,b4f2fe23-ce2e-4b8f-ae93-4314aac8866b,exposed,2020-07-10,6,Generic Smartphone,6,Chrome Mobile,1,0
493,b501c220-43b8-42a5-a507-9db9bd659e96,control,2020-07-03,15,Generic Smartphone,6,Chrome Mobile,0,1
494,b62683b9-dd40-4825-a97f-3c999dd85247,exposed,2020-07-05,18,Generic Smartphone,6,Chrome Mobile,1,0
495,b7cc440c-0bcc-415d-a312-b5385ffa4583,exposed,2020-07-09,10,Generic Smartphone,6,Chrome Mobile,0,1
496,b7db172d-a644-46a6-b6bb-f9bea0006862,exposed,2020-07-08,0,Generic Smartphone,6,Chrome Mobile,0,1
497,b7fe2748-14e8-4350-9051-15333cd47cf6,control,2020-07-08,13,Generic Smartphone,6,Chrome Mobile,1,0
498,b847ef6d-7b4c-4e77-af59-a3a081d6d6e1,control,2020-07-03,15,Generic Smartphone,6,Chrome Mobile,0,1
499,b8fc1a6c-2da1-4183-bf32-98d2d077d9a5,control,2020-07-03,15,Generic Smartphone,6,Chrome Mobile,0,1
500,b9075369-201e-489a-97d6-74aa53cdabd0,control,2020-07-04,11,LG-$2,6,Chrome Mobile,1,0
501,b959842f-de5a-43c2-8d15-4b0d5a7914b7,exposed,2020-07-10,2,Generic Smartphone,6,Chrome Mobile,1,0
502,b9b22375-5bae-4d72-aacd-3f79443e4bb0,exposed,2020-07-10,0,Generic Smartphone,6,Chrome Mobile,0,1
503,b9bb4710-4bde-43a7-ac9b-951f7a8d6e95,control,2020-07-07,13,Generic Smartphone,6,Chrome Mobile,1,0
504,b9f39456-9864-4d61-a3b3-8e5c3aba5866,control,2020-07-09,12,Generic Smartphone,6,Chrome Mobile,0,1
505,ba9cc425-9ed6-4e16-b8f6-9c9a0bb54144,exposed,2020-07-04,17,Generic Smartphone,6,Chrome Mobile,0,1
506,baaecbb8-1ee4-4fe0-8fd3-5d273cef8c4d,exposed,2020-07-03,6,Generic Smartphone,6,Chrome Mobile,1,0
507,bb9a7f4e-64a2-4892-a699-09584c3d8ab1,exposed,2020-07-05,4,Generic Smartphone,6,Chrome Mobile,0,1
508,bbbf486d-e776-422d-99bd-261768551f27,exposed,2020-07-08,5,Generic Smartphone,6,Chrome Mobile,0,1
509,bc2046d4-d301-4a83-ad1a-bdde6061f1c9,control,2020-07-05,3,Generic Smartphone,6,Chrome Mobile,1,0
510,bc31e71b-9e4b-4212-a9b4-9e637093c86e,exposed,2020-07-08,16,Generic Smartphone,6,Chrome Mobile,1,0
511,bc58ae09-99ec-4b81-8fd8-c19ec8c619c8,exposed,2020-07-09,8,Generic Smartphone,6,Chrome Mobile,1,0
512,bd482da7-6a70-4bca-ad47-786562d2d44e,control,2020-07-03,15,Generic Smartphone,6,Chrome Mobile,1,0
513,bd4e885d-20db-48f3-96eb-9f83af0c1ab4,control,2020-07-03,15,Generic Smartphone,6,Chrome Mobile,0,1
514,bdb87f74-b7ed-42bb-9f8e-9efe55cb25d6,exposed,2020-07-05,15,Generic Smartphone,6,Chrome Mobile,1,0
515,bdf43d25-fd7d-482e-a383-46b217cede7d,exposed,2020-07-06,9,Generic Smartphone,6,Chrome Mobile,1,0
516,be1ef66b-c35b-4c32-bb8e-f59392eabb26,control,2020-07-09,6,Generic Smartphone,6,Chrome Mobile,0,1
517,be59f0ef-a4bc-4dc8-b7d9-1faf046986d5,control,2020-07-03,15,Generic Smartphone,6,Chrome Mobile,1,0
518,be7862af-e28b-4acc-a3ab-8b0ea577f642,control,2020-07-04,1,Generic Smartphone,6,Chrome Mobile,0,1
519,be9dc042-16cf-449b-a0d6-03bc46c1f18b,exposed,2020-07-08,19,Generic Smartphone,6,Chrome Mobile,1,0
520,beb43e30-5976-4879-8fd6-4e5ecdfa781c,control,2020-07-04,20,Generic Smartphone,6,Chrome Mobile,1,0
521,beca7115-85fb-4043-a856-8dc6c6b65da5,exposed,2020-07-09,13,Generic Smartphone,6,Chrome Mobile,0,1
522,bf3eafd1-c0a5-4824-947b-f9cc5398600e,exposed,2020-07-08,22,Generic Smartphone,6,Chrome Mobile,0,1
523,bf518047-40e7-44e0-a653-16fb004dacab,exposed,2020-07-09,9,Generic Smartphone,6,Chrome Mobile,0,1
524,bf9ebd51-e24a-44e0-b260-748204228a89,exposed,2020-07-10,15,Generic Smartphone,6,Chrome Mobile,0,1
525,bfca245e-0f53-41e9-98e5-cd1ffd7554d0,control,2020-07-03,15,Generic Smartphone,6,Chrome Mobile,0,1
526,bfd36764-0f2e-43ea-98f4-cb238a26f861,exposed,2020-07-06,4,Generic Smartphone,6,Chrome Mobile,1,0
527,c074bfa9-6232-417e-9861-d9522b69689e,exposed,2020-07-07,10,Generic Smartphone,6,Chrome Mobile,1,0
528,c079d031-cb0a-44d4-a13a-250c98d2a698,control,2020-07-04,11,Generic Smartphone,6,Chrome Mobile,1,0
529,c080c340-5287-44b3-9469-ffc4b4889cec,exposed,2020-07-09,20,Generic Smartphone,6,Chrome Mobile,1,0
530,c0d68612-6d17-4522-aeac-afb99a656c3b,exposed,2020-07-08,20,Generic Smartphone,6,Chrome Mobile,1,0
531,c1802d2b-efd0-4a83-820b-905d38855ba0,control,2020-07-04,12,Generic Smartphone,6,Chrome Mobile,0,1
532,c20d3573-0ee8-476d-8044-5538b93d54a0,control,2020-07-03,15,Generic Smartphone,6,Chrome Mobile,0,1
533,c2187476-c996-4aa7-8cb3-ad2cc32d4125,exposed,2020-07-04,7,Generic Smartphone,6,Chrome Mobile,1,0
534,c233ef19-b518-44cf-a2c5-9848dca243b9,control,2020-07-08,19,Generic Smartphone,6,Chrome Mobile,0,1
535,c2e8a911-e9e4-4cc7-8416-f9375135fb48,control,2020-07-07,19,Generic Smartphone,6,Chrome Mobile,1,0
536,c3ba13d2-445c-4860-bc56-9b60b27e4698,control,2020-07-09,17,Generic Smartphone,6,Chrome Mobile,0,1
537,c3fdc4dd-d1d3-4972-b3bb-c75ebcc82417,control,2020-07-03,15,Generic Smartphone,6,Chrome Mobile,0,1
538,c5741974-2e7f-43c0-804a-acd0839fbdf4,control,2020-07-03,15,Generic Smartphone,6,Chrome Mobile,0,1
539,c5b454de-4966-4153-9abe-f28808e6042b,control,2020-07-10,3,Generic Smartphone,6,Chrome Mobile,0,1
540,c5c17290-7154-4f57-8acf-e6b536ae37b5,control,2020-07-03,15,Generic Smartphone,6,Chrome Mobile,1,0
541,c5c85ca1-1af4-4384-a625-b91b13825dc8,control,2020-07-03,15,Generic Smartphone,6,Chrome Mobile,0,1
542,c612904a-fd6b-40f3-a517-4d9b3d76d8a0,control,2020-07-08,16,Generic Smartphone,6,Chrome Mobile,1,0
543,c64fa38e-3ada-4e59-bce0-d7e02c0ea7fb,exposed,2020-07-03,3,Generic Smartphone,6,Chrome Mobile,0,1
544,c7fa97a7-3dbb-4df2-baa8-64f80fb76620,exposed,2020-07-10,3,Generic Smartphone,6,Chrome Mobile,0,1
545,c83639cd-f51b-497b-8057-b5110fbe0dea,control,2020-07-05,18,Generic Smartphone,6,Chrome Mobile,0,1
546,c86909ec-fbba-45f6-b3f9-ed145d4f9349,exposed,2020-07-05,12,Generic Smartphone,6,Chrome Mobile,1,0
547,c87f417b-b07b-4f30-bf14-6114216a0c64,exposed,2020-07-08,22,Generic Smartphone,6,Chrome Mobile,0,1
548,c8b8fe3b-fafd-4218-bbac-4ab67add85c4,control,2020-07-09,8,Generic Smartphone,6,Chrome Mobile,0,1
549,c93bd843-3e09-4884-9fe1-5e5483f657c8,control,2020-07-05,4,Generic Smartphone,6,Chrome Mobile,0,1
550,c9589816-924b-4c27-bdd6-d5d4a438495d,control,2020-07-08,5,Generic Smartphone,6,Chrome Mobile,0,1
551,c9724455-1fa6-4164-b4c8-3d13aa94b3ef,exposed,2020-07-03,7,Generic Smartphone,6,Chrome Mobile,1,0
552,c9bb0496-4d59-45fb-98ec-2b39a0657fff,control,2020-07-06,10,Generic Smartphone,6,Chrome Mobile,1,0
553,cb435cf3-e050-4a8f-a44a-66ed7ea46e36,control,2020-07-08,21,Generic Smartphone,6,Chrome Mobile,1,0
554,cbd7a5eb-9359-40f9-a8cb-eaf1788886a0,control,2020-07-04,13,Generic Smartphone,6,Chrome Mobile,0,1
555,cc35027c-4113-4b3d-809d-659083a91d13,exposed,2020-07-03,9,Generic Smartphone,6,Chrome Mobile,0,1
556,cc5dcc73-6b42-4dd9-a43c-5cbea6428bbb,exposed,2020-07-06,6,Generic Smartphone,6,Chrome Mobile,1,0
557,cd603878-1076-40ed-83a7-305b833466c1,control,2020-07-09,19,Generic Smartphone,6,Chrome Mobile,0,1
558,cde53473-e0b7-4246-a173-495c8857de01,control,2020-07-07,5,Nokia undefined$2$3,6,Chrome Mobile,0,1
559,ce0979fe-adb6-4693-bdbe-b7d655ac11dc,exposed,2020-07-03,13,Generic Smartphone,6,Chrome Mobile,1,0
560,ce14e80e-6164-486d-99f4-b44d4b20c686,exposed,2020-07-04,3,Generic Smartphone,6,Chrome Mobile,0,1
561,cf85ad4e-d09b-4e1f-9709-d8510c6ea51b,control,2020-07-08,20,Generic Smartphone,6,Chrome Mobile,1,0
562,cfa317af-d96b-4484-a5e0-252df87a28bd,control,2020-07-03,15,Generic Smartphone,6,Chrome Mobile,0,1
563,d03bbb85-9e22-4f66-85e9-17566ec48d04,control,2020-07-03,15,Generic Smartphone,6,Chrome Mobile,0,1
564,d064bddc-6719-45fd-9d5a-6cc64d08fec9,exposed,2020-07-10,11,Generic Smartphone,6,Chrome Mobile,0,1
565,d109feb2-fe71-455f-8145-570a2556e26b,control,2020-07-03,15,Generic Smartphone,6,Chrome Mobile,0,1
566,d2640f97-16a9-471e-bcb7-8d1b7967f92e,control,2020-07-08,15,Generic Smartphone,6,Chrome Mobile,0,1
567,d2e6597d-0a21-49ec-bde7-5ad7b7c294b1,control,2020-07-03,15,Generic Smartphone,6,Chrome Mobile,0,1
568,d30eec6b-e740-432d-878b-d7debb941b40,control,2020-07-05,9,Generic Smartphone,6,Chrome Mobile,1,0
569,d316a958-1f28-417d-a71b-77212d7e7703,exposed,2020-07-10,10,Nokia undefined$2$3,6,Chrome Mobile,0,1
570,d32a7a8c-f2b9-4145-9f3b-070a8f78126b,exposed,2020-07-09,0,HTC One $2,6,Chrome Mobile,1,0
571,d34ebe25-fdb8-4b59-8fbd-ab0809ec22d0,exposed,2020-07-09,21,Generic Smartphone,6,Chrome Mobile,0,1
572,d3a48882-1cf2-430c-a4ba-ccc72b671943,control,2020-07-05,17,Generic Smartphone,6,Chrome Mobile,0,1
573,d3b96730-3fd5-4f03-9432-4ef4c1160cac,exposed,2020-07-04,7,Generic Smartphone,6,Chrome Mobile,0,1
574,d3d2f1b5-1a8a-4a45-9696-c30b3ec90eb4,control,2020-07-03,15,Generic Smartphone,6,Chrome Mobile,0,1
575,d3eb025e-73ea-4801-9b2d-841a95c3aebd,control,2020-07-09,12,Generic Smartphone,6,Chrome Mobile,1,0
576,d44bd72b-c808-4545-a3e9-701aea4a1fbb,exposed,2020-07-05,6,Generic Smartphone,6,Chrome Mobile,1,0
577,d46c2393-0d7c-413c-ba62-1ea239f0506a,exposed,2020-07-09,18,Generic Smartphone,6,Chrome Mobile,1,0
578,d5ff5e67-bbe1-43cf-9e12-1b18b27fd009,exposed,2020-07-09,20,Generic Smartphone,6,Chrome Mobile,1,0
579,d63e684b-ec8b-43f9-9b77-9f58356293cb,control,2020-07-05,16,Generic Smartphone,6,Chrome Mobile,1,0
580,d679959d-5f76-42a6-9f82-25b7f1913c51,control,2020-07-04,9,Generic Smartphone,6,Chrome Mobile,1,0
581,d6e59a7b-fa44-4b68-aff1-8f3397d3ff1b,exposed,2020-07-04,10,Generic Smartphone,6,Chrome Mobile,0,1
582,d71e8e45-9f00-4408-8b87-230c68511556,control,2020-07-07,9,Generic Smartphone,6,Chrome Mobile,1,0
583,d75950d4-6cda-45f6-a5d9-6d6449c96059,control,2020-07-09,4,Generic Smartphone,6,Chrome Mobile,0,1
584,d8a0587a-1383-4e90-af4d-a9389d12bee3,control,2020-07-03,15,Generic Smartphone,6,Chrome Mobile,0,1
585,d8abd44f-168f-4e1d-a17c-1c71d3f8dca3,control,2020-07-03,15,Generic Smartphone,6,Chrome Mobile,1,0
586,d8fe46a8-c1b8-4a07-9c79-77c1a6bbd2ff,exposed,2020-07-03,14,Generic Smartphone,6,Chrome Mobile,1,0
587,d9941d5c-f37a-4c6d-a05a-f6a74bfc95ec,control,2020-07-07,10,Generic Smartphone,6,Chrome Mobile,0,1
588,d9c8c344-3b39-4e6d-a68a-0ec37496c280,exposed,2020-07-06,10,Generic Smartphone,6,Chrome Mobile,0,1
589,d9fee036-9d8e-4f6c-a17c-afc82b03be02,exposed,2020-07-08,16,Generic Smartphone,6,Chrome Mobile,0,1
590,da47b8a8-e82a-44a7-9374-992655581d2f,exposed,2020-07-09,11,Generic Smartphone,6,Chrome Mobile,0,1
591,da4b9fea-aa04-485b-8766-510d7a9daf64,exposed,2020-07-09,22,Generic Smartphone,6,Chrome Mobile,0,1
592,dba77d19-8b4f-43f1-99b4-9503e3467432,control,2020-07-03,15,Generic Smartphone,6,Chrome Mobile,1,0
593,dc31d745-f6fe-45d8-8db8-9bf7450a4f9c,exposed,2020-07-06,3,Generic Smartphone,6,Chrome Mobile,1,0
594,dcb52c98-fc2d-4152-8180-78dd86ad2e4c,control,2020-07-09,16,Generic Smartphone,6,Chrome Mobile,1,0
595,dcc2ff5c-3111-42c7-9c89-d68b61601765,control,2020-07-04,20,Generic Smartphone,6,Chrome Mobile,0,1
596,dcdbd941-3a00-43a3-9bfb-de2774ee2f41,exposed,2020-07-07,7,Generic Smartphone,6,Chrome Mobile,1,0
597,dd368385-216c-4291-9895-3aff0925371c,exposed,2020-07-07,8,Generic Smartphone,6,Chrome Mobile,0,1
598,dd9ea913-2007-4588-a726-052054b25c5d,exposed,2020-07-08,18,Generic Smartphone,6,Chrome Mobile,1,0
599,dde8073d-6d3f-4fed-8680-af04d129f24b,exposed,2020-07-03,8,Generic Smartphone,6,Chrome Mobile,1,0
600,de032d20-06c5-4a85-b9fe-f363230cfba4,control,2020-07-08,10,Generic Smartphone,6,Chrome Mobile,1,0
601,dea1c55e-23e0-4550-82b9-08f8b0d6470d,exposed,2020-07-04,20,Generic Smartphone,6,Chrome Mobile,1,0
602,df4d2ed4-9596-4f3d-b587-4d9834187c75,exposed,2020-07-06,9,Generic Smartphone,6,Chrome Mobile,1,0
603,df786279-facc-4b34-80e1-388bdfe2044d,control,2020-07-04,11,Generic Smartphone,6,Chrome Mobile,1,0
604,dfa5e7ca-4f00-4bc9-b2fd-c2cec5a287f2,control,2020-07-03,15,Generic Smartphone,6,Chrome Mobile,1,0
605,e012788c-7a92-4c13-9c1d-c988cf94f2c8,control,2020-07-04,4,Generic Smartphone,6,Chrome Mobile,1,0
606,e0eaafdf-60d5-4dac-8ef3-4ff8ad504098,control,2020-07-07,7,Nokia undefined$2$3,6,Chrome Mobile,0,1
607,e144ec56-a30e-4661-a7c7-349554c61942,control,2020-07-03,15,Generic Smartphone,6,Chrome Mobile,1,0
608,e14a5339-2cdc-4f76-b3b6-3e00af58b7a7,exposed,2020-07-09,18,Generic Smartphone,6,Chrome Mobile,0,1
609,e202a142-5042-4a85-a991-cb172abd0dd7,control,2020-07-08,21,Generic Smartphone,6,Chrome Mobile,1,0
610,e21bd15a-bd75-44d7-accc-20b3580f6055,control,2020-07-04,16,Generic Smartphone,6,Chrome Mobile,1,0
611,e228f569-00a2-4226-a356-0e236e24dbb2,control,2020-07-10,5,Generic Smartphone,6,Chrome Mobile,0,1
612,e282a098-3437-4bf3-9819-f547f9ad9731,control,2020-07-08,21,Generic Smartphone,6,Chrome Mobile,1,0
613,e344a772-4caa-4732-98fe-b6b0d114cfde,control,2020-07-10,6,Generic Smartphone,6,Chrome Mobile,1,0
614,e3499355-c235-47af-ad5e-e98c06227867,control,2020-07-05,5,Generic Smartphone,6,Chrome Mobile,0,1
615,e361839d-bee0-4b2a-b0e4-c0a5c0da27a8,exposed,2020-07-04,18,Generic Smartphone,6,Chrome Mobile,1,0
616,e3e1430c-21f4-4c8d-aca0-0798637bb2ce,control,2020-07-03,15,Generic Smartphone,6,Chrome Mobile,0,1
617,e51ef816-c10d-4d76-8296-1ebfa8d19d29,exposed,2020-07-05,8,Generic Smartphone,6,Chrome Mobile,0,1
618,e553a07d-190b-4a43-92b1-3a72f2d3a0bd,control,2020-07-07,7,Generic Smartphone,6,Chrome Mobile,1,0
619,e55dde26-5c01-466e-b381-dc4e97d2836e,control,2020-07-04,14,Generic Smartphone,6,Chrome Mobile,0,1
620,e58ffe4a-df41-4b5a-a309-9b8d0ce64976,control,2020-07-03,15,Generic Smartphone,6,Chrome Mobile,0,1
621,e59dad8a-9176-4a11-b7c5-eab06104a848,control,2020-07-03,15,Generic Smartphone,6,Chrome Mobile,0,1
622,e5ac5069-a790-4720-9601-a2b294407084,exposed,2020-07-08,7,Generic Smartphone,6,Chrome Mobile,1,0
623,e5c2aa41-a1c4-43d7-ae4d-1560d99cadaa,control,2020-07-03,15,Generic Smartphone,6,Chrome Mobile,0,1
624,e5cd050e-c4a3-478e-a728-8f479f2707f1,exposed,2020-07-09,23,Generic Smartphone,6,Chrome Mobile,1,0
625,e5ebfe87-1d9a-4eb0-8391-658ad37d78af,exposed,2020-07-09,20,Generic Smartphone,6,Chrome Mobile,1,0
626,e6408976-2287-4c5d-930b-91da8018fa11,control,2020-07-03,15,Generic Smartphone,6,Chrome Mobile,1,0
627,e74adbd7-5403-45af-90a5-13be805ffbdf,exposed,2020-07-04,15,Generic Smartphone,6,Chrome Mobile,0,1
628,e7974d58-12d7-4ba5-967a-35ecbd6a2e92,exposed,2020-07-06,5,Generic Smartphone,6,Chrome Mobile,0,1
629,e8269b7b-a328-492f-8ed8-0317481a3576,exposed,2020-07-09,6,Generic Smartphone,6,Chrome Mobile,0,1
630,e82e47bd-cbad-4994-8c80-0b34290db6bd,exposed,2020-07-10,8,Generic Smartphone,6,Chrome Mobile,1,0
631,e8a78543-8576-44cc-9208-dc44ed7b48e5,exposed,2020-07-06,6,Generic Smartphone,6,Chrome Mobile,0,1
632,e8df0b21-3105-4f78-8797-b178e0be131c,control,2020-07-09,21,Generic Smartphone,6,Chrome Mobile,0,1
633,e8eb7ddc-8fef-46a3-a909-f3c11133f42e,exposed,2020-07-03,11,Generic Smartphone,6,Chrome Mobile,0,1
634,e926dd6a-667e-43fc-92ea-aeb2be7c8f60,control,2020-07-05,5,Generic Smartphone,6,Chrome Mobile,0,1
635,e961b5b1-0609-4da3-ad63-0922b2c83280,control,2020-07-03,15,Generic Smartphone,6,Chrome Mobile,0,1
636,e98c0f86-865a-4a62-be30-709dc697e713,exposed,2020-07-03,7,Generic Smartphone,6,Chrome Mobile,1,0
637,eb313fdd-f707-419f-a634-d8c4fcf44321,control,2020-07-06,8,Generic Smartphone,6,Chrome Mobile,1,0
638,eb57adda-07bb-403c-8e2f-d247ea0db86a,exposed,2020-07-03,1,Generic Smartphone,6,Chrome Mobile,0,1
639,ec77e672-dc3d-47ed-9fbb-f9f2a2d71ab7,exposed,2020-07-05,9,Generic Smartphone,6,Chrome Mobile,0,1
640,ed16211b-b309-4140-a403-fbaa2d39859b,control,2020-07-03,15,Generic Smartphone,6,Chrome Mobile,0,1
641,ed1721f1-5cf4-4359-b135-8f3dc8de93f5,exposed,2020-07-06,2,Nokia undefined$2$3,6,Chrome Mobile,1,0
642,edbae64e-10a1-499a-8934-45c0186c3446,control,2020-07-08,14,Generic Smartphone,6,Chrome Mobile,0,1
643,eea7fc57-718e-41e9-8207-dea190f3e830,exposed,2020-07-05,3,Generic Smartphone,6,Chrome Mobile,1,0
644,eeeabe32-c67a-447d-a9ca-73227cf585e1,exposed,2020-07-09,21,Generic Smartphone,6,Chrome Mobile,1,0
645,ef0ff281-de86-44a5-82a7-a6d857beeff9,exposed,2020-07-10,4,Generic Smartphone,6,Chrome Mobile,1,0
646,ef334830-f200-4c1b-aea2-b01b96ca0950,exposed,2020-07-03,12,Generic Smartphone,6,Chrome Mobile,0,1
647,ef8bd22b-9232-4627-a98d-b173b3284a7b,exposed,2020-07-04,8,Generic Smartphone,6,Chrome Mobile,0,1
648,efb93bee-6ba2-4734-a786-cc184567cede,exposed,2020-07-03,4,Generic Smartphone,6,Chrome Mobile,0,1
649,efba938d-d81d-4d64-a4c3-2cc7656dcb4f,control,2020-07-08,21,Generic Smartphone,6,Chrome Mobile,1,0
650,f04af38d-ada9-4f4d-a389-4ff7fee16821,exposed,2020-07-07,22,Generic Smartphone,6,Chrome Mobile,0,1
651,f0968c04-65e7-448b-b0fe-ce7f6a5e790f,exposed,2020-07-09,17,Generic Smartphone,6,Chrome Mobile,1,0
652,f0e7fb7e-636a-492a-9666-0a6db8b2fa03,exposed,2020-07-09,9,Generic Smartphone,6,Chrome Mobile,1,0
653,f2ba9aee-4c90-41c1-85b8-340611a851c9,control,2020-07-03,15,Generic Smartphone,6,Chrome Mobile,1,0
654,f347a028-3083-45a7-8aa6-173bf1b8a6bf,exposed,2020-07-04,6,Generic Smartphone,6,Chrome Mobile,0,1
655,f3817b50-6e0d-4c01-96fe-f63c7500aa4d,exposed,2020-07-03,7,Generic Smartphone,6,Chrome Mobile,0,1
656,f3b0d86b-664e-4d88-9416-4351539b5a0a,control,2020-07-03,15,Generic Smartphone,6,Chrome Mobile,0,1
657,f3c258ea-2363-4645-80ef-e2383a04f509,exposed,2020-07-09,8,Generic Smartphone,6,Chrome Mobile,1,0
658,f3fb35f0-a937-4db9-a853-5be0af307d41,control,2020-07-03,15,Generic Smartphone,6,Chrome Mobile,0,1
659,f49a6027-3cdb-4a1f-b866-ae24241858b2,exposed,2020-07-09,13,Generic Smartphone,6,Chrome Mobile,1,0
660,f4cccd97-3fd1-40f8-bb52-dc9644b02595,control,2020-07-03,15,Generic Smartphone,6,Chrome Mobile,0,1
661,f4d18a67-beff-4e38-92e0-1fb875f8aba7,exposed,2020-07-08,15,Generic Smartphone,6,Chrome Mobile,0,1
662,f4e83d3a-5213-4360-be17-a73a8a5a0e14,control,2020-07-08,20,Generic Smartphone,6,Chrome Mobile,0,1
663,f53bd889-a34d-4cb4-be37-4129fc65fccb,exposed,2020-07-10,3,Generic Smartphone,6,Chrome Mobile,0,1
664,f742b01c-8bde-49bf-b2fe-fbe54e7e0092,exposed,2020-07-04,1,Generic Smartphone,6,Chrome Mobile,1,0
665,f85cf471-377c-4f3a-8c85-a3e8e68a7146,exposed,2020-07-06,4,Generic Smartphone,6,Chrome Mobile,1,0
666,f890cc03-b7f9-4bf0-b6d3-cceaf2e4a8cb,exposed,2020-07-03,5,Generic Smartphone,6,Chrome Mobile,0,1
667,f8c38270-f8b8-4cc7-9677-456f40b359b0,control,2020-07-03,15,Generic Smartphone,6,Chrome Mobile,1,0
668,f91eeeb1-6bc2-4f3f-945f-4e437b291e89,exposed,2020-07-03,0,Generic Smartphone,6,Chrome Mobile,0,1
669,f9526077-1c1b-4fbc-a6a0-04392075baed,control,2020-07-03,15,Generic Smartphone,6,Chrome Mobile,0,1
670,f99f5af9-2956-450f-84f6-9c53cee98622,exposed,2020-07-09,14,Generic Smartphone,6,Chrome Mobile,0,1
671,f9c4603c-5ccf-4470-8e63-d1edc6fe87b2,control,2020-07-07,1,Generic Smartphone,6,Chrome Mobile,0,1
672,fa05affe-6df6-47d6-836f-eb8d446ec643,control,2020-07-07,16,Generic Smartphone,6,Chrome Mobile,0,1
673,fa15c8d5-3e39-4250-92ca-51bdf4e5a951,exposed,2020-07-08,19,Generic Smartphone,6,Chrome Mobile,0,1
674,fa2490dd-4a9f-4109-9de4-8a8ef2c4c597,control,2020-07-06,5,Generic Smartphone,6,Chrome Mobile,1,0
675,fa3bf20f-fb92-41e5-8d01-8b243ef06391,exposed,2020-07-10,8,Generic Smartphone,6,Chrome Mobile,0,1
676,fa51ebf1-bf84-4b10-8479-461fd4cce4e7,exposed,2020-07-05,3,Generic Smartphone,6,Chrome Mobile,0,1
677,fa5904d7-dd6f-4407-8629-398d22a4c200,control,2020-07-03,15,Generic Smartphone,6,Chrome Mobile,1,0
678,faa8f328-98ff-468f-89c2-00d29f2eea0f,exposed,2020-07-10,6,Generic Smartphone,6,Chrome Mobile,0,1
679,face4c65-a9b9-4ea8-b461-cde2077959b9,control,2020-07-03,15,Generic Smartphone,6,Chrome Mobile,1,0
680,fb547431-7684-4ab6-9f81-932519796a18,exposed,2020-07-03,11,Generic Smartphone,6,Chrome Mobile,0,1
681,fb5be6ce-25eb-4cc5-8f7a-837f6b0ffc69,control,2020-07-03,15,Generic Smartphone,6,Chrome Mobile,1,0
682,fc57ba86-6780-4804-b5bf-33b25ab04b13,control,2020-07-03,15,Generic Smartphone,6,Chrome Mobile,1,0
683,fcad568e-da50-42d9-bfe8-d8056b5eb3a9,control,2020-07-05,3,Generic Smartphone,6,Chrome Mobile,0,1
684,fcb0ee15-55e6-4eba-88dc-dfedcd64231d,control,2020-07-03,15,Generic Smartphone,6,Chrome Mobile,0,1
685,fd096dd9-a9ca-400a-89da-f659834a1072,control,2020-07-05,4,CLT-L09,6,Chrome Mobile,0,1
686,fd53005c-f3f1-4f7d-97cc-84fab926bcaa,control,2020-07-04,4,Generic Smartphone,6,Chrome Mobile,0,1
687,fe42a3c3-3e1e-40c9-b029-6b0ee9702aaa,control,2020-07-10,1,Generic Smartphone,6,Chrome Mobile,1,0
688,fee7da61-84fe-451b-95f4-ba2523fa987d,exposed,2020-07-09,14,Generic Smartphone,6,Chrome Mobile,1,0
689,ff95df43-63b4-48c8-8497-781ba7952eec,exposed,2020-07-09,18,Generic Smartphone,6,Chrome Mobile,0,1
690,ffa08ff9-a132-4051-aef5-01a9c79367bc,exposed,2020-07-05,21,Generic Smartphone,6,Chrome Mobile,1,0
691,ffb176df-ecd2-45d3-b05f-05b173a093a7,exposed,2020-07-04,1,Generic Smartphone,6,Chrome Mobile,1,0
692,ffb79718-6f25-4896-b6b3-e58b80a6e147,control,2020-07-09,7,Generic Smartphone,6,Chrome Mobile,0,1
693,ffca1153-c182-4f32-9e90-2a6008417497,control,2020-07-10,16,Generic Smartphone,6,Chrome Mobile,0,1
694,ffdfdc09-48c7-4bfb-80f8-ec1eb633602b,exposed,2020-07-03,4,Generic Smartphone,6,Chrome Mobile,0,1
